Plantas por Líneas de Elaboración,,,,,,,,,,,,,,,,,,
2016,,,,,,,,,,,,,,,,,,
,,,,,,,,,,,,,,,,,,
Región,Planta,Nombre,L2,L3,L4,L5,L6,L7,L8,L9,L10,L11,L12,L13,L14,L15,L16,
1,1075,"CAMANCHACA, CIA. PESQUERA S.A.",,,,,,,,x,x,,,,,,,
1,1085,"SANTANDER VERGARA, ABELARDO",x,x,,,,,,,,,,,,,,
1,1101,CORPESCA S.A._IQUIQUE (PLANTA 3),,,,,,,,x,x,,,,,,,
1,1102,CORPESCA S.A._IQUQUE  (PLANTA 4),x,x,,,,,x,x,x,,,,,,,
1,1107,"ARAYA ROBLES, BRAULIO ANTONIO ",,,,,,,,,,,x,,,,,
1,1109,MAR DEL NORTE S.A.,x,x,,,,,,,,,,,,,,
1,1115,"BRICEÑO ALZAMORA, JUAN LUIS",,,,,,,,,,,x,,,,,
1,1116,"VEGA JIMENEZ, VERONICA DEL CARMEN ",,,,,,,,,,,x,,,,,
1,1120,SOLARIUM BIOTECHNOLOGY S.A.,,,,,,,,,,,x,,,,,
1,1122,ATACAMA BIO NATURAL PRODUCTS S.A.,,,,,,,,,,,x,,,,,
1,1123,FISH MARKET LTDA.(PLANTA 2),x,,,,,,,,,,,,,,,
1,1126,"ZÁRATE CAMINADA, RAFAEL ENRIQUE",,,,,,,,,,,x,,,,,
1,1128,"SIND. DE TRAB IND. DE B.MAR., PESC. ART. Y AYUD. DE C. CHANAVAYA      ",,,,,,,,,,,x,,,,,
1,1130,"VEGA JIMENEZ, VERONICA DEL CARMEN (PLANTA 2)",,,,,,,,,,,x,,,,,
1,1135,"AGUILAR ROBLEDO, NOELFA DEL CARMEN",,,,,,,,,,,x,,,,,
1,1136,"LOPEZ LOPEZ, ALDO ARMANDO",,,,,,,,,,,x,,,,,
1,1138,SOC. COMERCIAL E IND. SHELLFISH LTDA.,,,,,,,,,,,x,,,,,
1,1140,"ARAYA ROBLES, BRAULIO ANTONIO (PLANTA 2)",,,,,,,,,,,x,,,,,
1,1141,"AGUILERA ARANCIBIA, GLADYS REBECA",x,x,,,,,,,,,,,,,,
1,1142,SERVICIOS Y REFINERIAS DEL NORTE S.A. (SERENOR),,,,,,,,,x,,,,,,,
1,1145,"CISTERNAS VERGARA, JOSÉ MIGUEL",,,,,,,,,,,x,,,,,
1,1148,"GALLARDO GAYTAN, MARIO ALBERTO (PLANTA 2)",,,,,,,,,,,x,,,,,
1,1149,STI DE BUZOS A PULMON COSTEROS DE CALETA CARAMUCHO IQUIQUE,,,,,,,,,,,x,,,,,
1,1150,"VERGARA LARA, NANCY DEL CARMEN",x,,,,,,,,,,,,,,,
1,1151,"PEÑA ROBLES, RICARDO",x,,,,,,,,,,,,,,,
1,1152,INVERSIONES MARINAS LTDA.,x,x,,,,,,,,,,,,,,
1,1155,"S.T.I. DE BUZOS MARISCADORES, AYUDANTES Y AFINES DE CALETA RIO SECO",x,x,,,,,,,,,,,,,,
1,1157,"TORREALBA HOYUELA, JOSE LUIS",,,,,,,,,,,x,,,,,
1,1159,"SOC. DE ALGUEROS, EXTRACTORES Y COMERCIALIZ. DE PABELLON DE PICA LTDA ",,,,,,,,,,,x,,,,,
1,1160,"VELIZ ALVARADO, LUIS ALBERTO",,,,,,,,,,,x,,,,,
1,1161,TERESA DE JESUS ALVIAL RUIZ RECOLECCION DE PRODUCTOS MARINOS EIRL,,,,,,,,,,,x,,,,,
1,1162,"VEGA JIMENEZ , VERONICA DEL CARMEN",,,,,,,,,,,x,,,,,
1,1163,"WELLS ZAMBRA, BENJAMIN TOMAS",,,,,,,,,,,x,,,,,
1,1165,IMP. Y EXP. FUSEN CHILE LIMITADA,,,,,,,,,,,x,,,,,
2,2004,GALLARDO CLOTILDE Y CIA. LTDA.,,,,,,,,,,,x,,,,,
2,2005,"MANQUEZ MONARDES, HELGA PATRICIA",x,x,,,,,,,,,,,,,,
2,2011,SOCONOR LTDA.,x,x,,,,,,,,,,,,,,
2,2042,PRODALMAR LTDA. (PRODUCTORA DE ALGAS MARINAS LTDA.),,,,,,,,,,,x,,,,,
2,2046,"GALEB, SOCIEDAD PESQUERA LTDA.",,x,,,,,,,,,,,,,,
2,2074,"CAROZZI PESENTI, GIOVANNI ISIDORO",x,x,,,,,,,,,,,,,,
2,2080,"PARADA URTUBIA, OLGA VERONICA",,,,,,,,,,,x,,,,,
2,2092,CORPESCA S.A._MEJILLONES (PLANTA 1),,,,,,,,x,x,,,,,,,
2,2098,PRODUCTORA DEL MAR LTDA.,,x,,,,,,,,,,,,,,
2,2103,MUÑOZ Y FERNANDEZ LTDA.,,x,,,,,,,,,,,,,,
2,2115,"SINDICATO DE TRAB.IND. DE BUZOS MARISCADORES, ASISTENTES DE BUZO Y PES",,,,,,,,,,,x,,,,,
2,2119,"SOTO GONZALEZ, CARLOS EDWARD",,,,,,,,,,,x,,,,,
2,2124,"ALVAREZ GONZALEZ, YUBIZA ELENA",,,,,,,,,,,x,,,,,
2,2125,"GUTIERREZ GUTIERREZ, ROBERTO CARLOS",,,,,,,,,,,x,,,,,
2,2137,"GUERRA CAÑOLES, CLAUDIO ANTONIO",,,,,,,,,,,x,,,,,
2,2138,"MORALES ROJAS, MARLENE ELIZABETH",,,,,,,,,,,x,,,,,
2,2141,S.T.I. DE BUZOS Y RAMOS AFINES,,,,,,,,,,,x,,,,,
2,2142,S.T.I. DE BUZOS ORILLEROS Y RAMOS AFINES,,,,,,,,,,,x,,,,,
2,2143,"S.T.I. DE PESCADORES ARTESANALES, CERQUEROS Y RAMOS AFINES",,,,,,,,,,,x,,,,,
2,2146,"CONTRERA GONZALEZ, DAVID GUILLERMO",,,,,,,,,,,x,,,,,
2,2149,"CONTRERAS MORALES, YERKO ALIRO",,,,,,,,,,,x,,,,,
2,2151,EXTRACCION SAMUEL DARIO GUERRA SEGOVIA EIRL,,,,,,,,,,,x,,,,,
2,2155,"VASQUEZ PLAZA, MONICA DEL TRANSITO (PLANTA 2)",,,,,,,,,,,x,,,,,
2,2156,"SALAS DIAZ, RAUL MATIAS (PLANTA 2)",,,,,,,,,,,x,,,,,
2,2158,"RIQUELME FLORES, CARLOS GILBERTO",,,,,,,,,,,x,,,,,
2,2161,STI BUZOS MARISCADORES Y RAMOS SIMILARES DE CALETA CIFUNCHO,,,,,,,,,,,x,,,,,
2,2165,"FERRADA IRIBARREN, JACQUELINE NIEVES",,,,,,,,,,,x,,,,,
2,2167,"ARAYA LEDEZMA, BLAS DEL ROSARIO",,,,,,,,,,,x,,,,,
2,2170,"RIVERA MORALES, CORNELIO SEGUNDO",,,,,,,,,,,x,,,,,
2,2173,BUZOS ORILLEROS DE TALTAL S.A.,x,,,,,,,,,,,,,,,
2,2176,"CUEVAS RIVERA, FERNANDO AMABLE",,,,,,,,,,,x,,,,,
2,2178,"CAMPOS PEREZ, GASTON ARTURO",,,,,,,,,,,x,,,,,
2,2179,"VARGAS JELVEZ, RAÚL ALEJANDRO ",,,,,,,,,,,x,,,,,
2,2180,"ROBERTO VELASQUEZ VELASQUEZ, VENTA DE PROD. DEL MAR, FERRETERÍA DEL HO",,,,,,,,,,,x,,,,,
2,2181,"MONTECINOS FUNES, FERNANDO ARNALDO",,,,,,,,,,,x,,,,,
2,2185,"BARRAZA CHÁVEZ, CARLOS ALBERTO",,,,,,,,,,,x,,,,,
2,2188,"CONTRERAS CONTRERAS, RAÚL HERNÁN",,,,,,,,,,,x,,,,,
2,2189,"BALCÁZAR OLIVARES, JORGE ALFREDO",,,,,,,,,,,x,,,,,
2,2194,"DIAZ MORALES, MARIA JOSE",,,,,,,,,,,x,,,,,
2,2196,COMERC. DE BIENES RIGOBERTO HERNAN CARRILLO RODRIGUEZ E.I.R.L.,,,,,,,,,,,x,,,,,
2,2199,COMERCIALIZADORA DIAZ LIMITADA,,x,,,,,,,,,,,,,,
2,2201,"MUNIZAGA BARRAZA, MANUEL ALEJANDRO",,,,,,,,,,,x,,,,,
2,2203,"BARRIOS ALCAINO, NELSON LUIS",,,,,,,,,,,x,,,,,
2,2205,ASOC. GREMIAL DE BUZOS MARISCADORES Y RAMAS AFINES DE CALETA COLOSO,,,,,,,,,,,x,,,,,
2,2208,"CAROLINA MATURANA ESTELLE EXP., IMP., COM. Y DIST. DE BIENES Y SERVIC.",,,,,,,,,,,x,,,,,
2,2210,"CASTILLO QUEZADA, INES ELVIRA",,,,,,,,,,,x,,,,,
2,2212,"RIQUELME LOPEZ, DELFINA DEL ROSARIO",,,,,,,,,,,x,,,,,
2,2215,"IBAÑEZ TORREJON, GABRIEL",,,,,,,,,,,x,,,,,
2,2220,NH FOODS CHILE Y COMPAÑÍA LIMITADA,,,,,,,,,,,x,,,,,
2,2221,"CAMPOS OLMOS, CLAUDIO BERNABE",,,,,,,,,,,x,,,,,
2,2224,"STI DE BUZOS, ORILLEROS Y RAMOS AFINES TALTAL",,,,,,,,,,,x,,,,,
2,2228,SOCIEDAD COMERCIALIZADORA U.D.S. LTDA.,,,,,,,,,,x,x,,,,,
2,2233,STI DE BUZOS MARISCADORES Y TRABAJADORES DE RIBERA DE TALTAL,,,,,,,,,,,x,,,,,
2,2237,"CERDA RIVERA, MARCELA JUDITH",,,,,,,,,,,x,,,,,
2,2240,"BARRAZA TOLEDO, EDWIN ALBERTO",,,,,,,,,,,x,,,,,
2,2243,"GUTIERREZ MORALES, JOSE BERNARDO",,,,,,,,,,,x,,,,,
2,2246,"RIVERA MARTINEZ, ELIA LIDIA",,,,,,,,,,,x,,,,,
2,2248,"MUÑOZ LORCA, LUIS ERNESTO",,,,,,,,,,,x,,,,,
2,2251,ALGAS LM LIMITADA,,,,,,,,,,,x,,,,,
2,2252,"VILLALOBOS VALDIVIA, ANTONIO SEGUNDO",,,,,,,,,,,x,,,,,
2,2253,"SILVA ROJAS, OSCAR ARMANDO",,,,,,,,,,,x,,,,,
2,2255,SANTA MARIA SPA,,x,,,,,,,,,,,,,,
2,2256,"CEREZO PEÑAFIEL, GABRIEL PASTOR",,,,,,,,,,,x,,,,,
2,2257,"LOPEZ CARRASCO, MARCELA JOHANI",,,,,,,,,,,x,,,,,
2,2259,"TAPIA ANDRADE, ALEX BELISARIO",,,,,,,,,,,x,,,,,
2,2260,"GUZMAN  SPERRHAKE, ROLANDO DEL ROSARIO",,,,,,,,,,,x,,,,,
2,2261,"ADAOS ZAMBRA, MANUEL SEGUNDO",,,,,,,,,,,x,,,,,
2,2262,"GONZALEZ IGLESIAS, PAMELA ALEJANDRA",,,,,,,,,,,x,,,,,
2,2265,"RECOLECCION DE PRODUCTOS DEL MAR, CELESTINO DE LA CRUZ FLORES FLORES, ",,,,,,,,,,,x,,,,,
2,2266,"GODOY COLLAO, NANCY ESTELA",,,,,,,,,,,x,,,,,
2,2267,"BERRIOS VERGARA, STEFANNY PATRICIA",,,,,,,,,,,x,,,,,
2,2268,SANDRA DEL ROSARIO MANQUEZ FERNANDEZ RECOLECCION Y PROCESOS MARINOS EI,,,,,,,,,,,x,,,,,
2,2269,"RIVERA RAMIREZ, MARCOS ANTONIO",,,,,,,,,,,x,,,,,
2,2272,"HUERTA LIGUES, ERNESTINA GREDDY",,,,,,,,,,,x,,,,,
3,3061,"CAMANCHACA, CIA. PESQUERA S.A.",,x,,,,,,,,,,,,,,
3,3086,"PIZARRO GUERRERO, HECTOR",,,,,,,,,,,x,,,,,
3,3087,"VALLENAR ALGAS, S.A.",,,,,,,,,,,x,,,,,
3,3088,"CONCHA SANCHEZ, ANGEL CUSTODIO",,x,,,,,,,,,,,,,,
3,3093,"CUELLO ARDILES, FERNANDO",x,,,,,,,,,,,,,,,
3,3111,"ALGAS DEL PACIFICO, S. LTDA.",,,,,,,,,,,x,,,,,
3,3113,"MICHEA MICHEA, ADOLFO DEL CARMEN",,,,,,,,,,,x,,,,,
3,3122,SOCIEDAD COMERCIALIZADORA DE PRODUCTOS DEL MAR DE CALDERA LIMITADA,x,x,,,,,,,,,,,,,,
3,3123,ALIMEX  S.A.,,,,,,,,,,,x,,,,,
3,3125,"ALVAREZ OSORIO, GILBERTO LEONCIO",,,,,,,,,,,x,,,,,
3,3128,"MADARIAGA OLIVARES, ISMAEL",,,,,,,,,,,x,,,,,
3,3129,"PIZARRO CORTÉS,  JAIME DEL ROSARIO",,,,,,,,,,,x,,,,,
3,3130,"BRICEÑO OLIVARES, ANDRES NOLBERTO (PLANTA 2)",,,,,,,,,,,x,,,,,
3,3133,PESQUERA BAHIA CALDERA S.A.,,,,,,,,x,x,,,,,,,
3,3134,"ROJAS RAMOS, ADAN ELIAS",,,,,,,,,,,x,,,,,
3,3143,"AGUIRRE FERNÁNDEZ, ABEL PATRICIO",,,,,,,,,,,x,,,,,
3,3146,"PONCE GODOY, HECTOR MANUEL",,,,,,,,,,,x,,,,,
3,3148,COMERCIAL SERVICIOS INGENIERÍA Y EXPORTACIONES M2 LTDA,,,,,,,,,,,x,,,,,
3,3150,CULTIVOS MARINOS SAN CRISTÓBAL S.A.,x,x,,,,,,,,,,,,,,
3,3153,"CRUZ BRAVO, JORGE ROBERTO (PLANTA 2)",,,,,,,,,,,x,,,,,
3,3154,"CARVAJAL JOPIA, LUIS HERNAN",x,x,,,,,,,,,,,,,,
3,3157,"GONZALEZ ASTORGA, NIBALDO ENRIQUE",x,x,,,,,,,,,,,,,,
3,3163,"CID GODOY, ROSAMEL",,,,,,,,,,,x,,,,,
3,3164,"PACHECO DIAZ, RENE JORGE",,,,,,,,,,,x,,,,,
3,3167,"SANHUEZA NOVOA, HECTOR ALEJANDRO",,x,,,,,,,,,,,,,,
3,3170,"CAMPOS TORRES, LORENA ALEJANDRA",x,x,,,,,,,,,,,,,,
3,3173,IMPORT. Y EXPORT. GUANGJIN LTDA.,,,,,,,,,,,x,,,,,
3,3179,"DIAZ GONZALEZ, KAY RUTH",,,,,,,,,,,x,,,,,
3,3185,"CORTINEZ VILLEGAS, LUIS IVAN (PLANTA 2)",,,,,,,,,,,x,,,,,
3,3187,"CAMPUSANO MAMANI, ARSENIO ALEXIS",,,,,,,,,,,x,,,,,
3,3192,PRODUCTORA DE ALGAS MARINAS LTDA. (PRODALMAR),,,,,,,,,,,x,,,,,
3,3193,"CAMPILLAY CAMPILLAY, MARIA ISABEL",,,,,,,,,,,x,,,,,
3,3194,"ESCOBAR ALVAREZ, CELSO TIBURCIO",,,,,,,,,,,x,,,,,
3,3196,"DIAZ GONZALEZ, KAY RUTH",,,,,,,,,,,x,,,,,
3,3197,"CAMPUSANO SEPULVEDA, NICANOR ANTONIO (PLANTA 2)",,,,,,,,,,,x,,,,,
3,3205,"CHIRINO MIRANDA, JOSÉ DAVID",x,x,,,,,,,,,,,,,,
3,3217,EMP. COMERC. IMPORT. EXPORT PROD. DEL MAR KAM SHUN WONG KAU E.I.R.L.,,,,,,,,,,,,x,,,,
3,3218,"PEREZ MIRANDA, MANUEL GERARDO",x,x,,,,,,,,,,,,,,
3,3221,"CONCHA GÓMEZ, CARLOS RENÉ",,,,,,,,,,,x,,,,,
3,3227,"MORALES MANDIOLA, JORGE ESTEBAN",,,,,,,,,,,x,,,,,
3,3228,"CORTINEZ MUÑOZ, GONZALO ALBERTO",,,,,,,,,,,x,,,,,
3,3229,"CARRASCO PINTO, MERCEDES MERCINA",,,,,,,,,,,x,,,,,
3,3235,"FREDES FLORES, TOMAS CLEMENTE",,,,,,,,,,,x,,,,,
3,3236,SOC. COMERCIALIZ. DE PROD. DEL MAR Y ALIMENTOS LTDA. (TRIDENTE LTDA.),x,x,,,,,,,,,,,,,,
3,3237,ALGAS AVENTURA SPA,,,,,,,,,,,x,,,,,
3,3239,"BRICEÑO OLIVARES, ANDRES",,,,,,,,,,,x,,,,,
3,3240,"VENEGAS GALLARDO, CRISTIAN R.",,,,,,,,,,,x,,,,,
3,3243,"HORMAZABAL GONZALEZ, HURTADO NEPHTALI",,,,,,,,,,,x,,,,,
3,3245,"CONCHA GUERRERO, JOSE MIGUEL",,,,,,,,,,,x,,,,,
3,3246,"ALARCON TABILO, CALIXTO ALFONSO",,,,,,,,,,,x,,,,,
3,3249,MAR ATACAMA SPA,x,x,,,,,x,,,,,,,,,
3,3250,RAFAEL LOPEZ FUENZALIDA COMERCIALIZADORA DE ALGAS EIRL,,,,,,,,,,,x,,,,,
3,3252,"CALFUÑANCO CONCHA, RICARDO",,,,,,,,,,,x,,,,,
3,3255,"ESCOBAR ALVAREZ, CELSO TIBURCIO",,,,,,,,,,,x,,,,,
3,3256,"CASTILLO LOPEZ, VICTOR",,,,,,,,,,,x,,,,,
3,3257,CARLOS YIMI PEÑAILILLO JOPIA E.I.R.L.,,,,,,,,,,,x,,,,,
3,3258,"MORALES SALAZAR, BERNARDO ORLANDO",,,,,,,,,,,x,,,,,
3,3259,"CARVAJAL FLORES, HECTOR",,,,,,,,,,,x,,,,,
3,3260,"MITA MARTINEZ, GERONIMO",,,,,,,,,,,x,,,,,
3,3264,"BLANCO SOTO, SUSAN SHIRLEY",,,,,,,,,,,x,,,,,
3,3265,PLANTA PROCESADORA Y COMERCIALIZADORA DE ALGAS MARINAS Y PRODUCTOS DEL,,,,,,,,,,,x,,,,,
4,4007,ORIZON S.A.,,x,,,,,x,x,x,,,,,,,
4,4040,"CRUZ OLIVARES, MOZZA DEL PILAR",x,x,,,,,,,,,,,,,,
4,4053,"COSTANERA, FRIGORIFICO S.A.",x,x,,,,,,,,,,,,,,
4,4054,"VELIZ CARVAJAL, RENE LUCIANO",x,x,,,,,,,,,,,,,,
4,4059,"OMEGA SEAFOODS, PROCESADORA DE ALIMENTOS LTDA.",x,x,,,,,,,,,,,,,,
4,4069,PRODALMAR LTDA.,,,,,,,,,,,x,,,,,
4,4074,"GUIDOMAR, SOC. LTDA.",,x,,,,,,,,,,,,,,
4,4078,"COMERCIAL, SERVICIOS INGENIERIA Y EXPORTACIONES M2 LTDA.",,,,,,,,,,,x,,,,,
4,4085,PESQUERA VILLA ALEGRE S.A. (EX.INVERSIONES Y ALIMENTOS INTERMARK S.A.),x,x,,,,,,,,,,,,,,
4,4089,"GARCIA TORREJON, LUSVENIA DEL CARMEN",x,x,,,,,,,,,,,,,,
4,4090,SOCIEDAD RUBIO Y MAUAD LTDA.,x,x,,,,,,,,,,,,,,
4,4091,"ROJAS ARAYA, MANUEL ROBERTO",x,x,,,,,,,,,,,,,,
4,4092,"TAPIA BONILLA, EMILIO ALFREDO",x,x,,,,,,,,,,,,,,
4,4094,"VEGA ZAMBRA, SAUL EDUARDO",,x,,,,,,,,,,,,,,
4,4101,PRODUCTORA DE ALGAS MARINAS LTDA. (PRODALMAR PLANTA 2),,,,,,,,x,,,x,,,,,
4,4102,"GLORIA GÁLVEZ, MILTON ORLANDO",x,x,,,,,,,,,,,,,,
4,4109,"VALDES MUÑOZ, OSCAR GABRIEL",,,,,,,,,,,x,,,,,
4,4114,SOC.DISTRIBUIDORA DE PRODUCTOS DEL MAR LTDA. ( DISTRIMAR LTDA.),x,x,,,,,,,,,,,,,,
4,4115,INVERTEC PACIFIC SEAFOOD S.A. (EX PESQ. SAN JOSÉ S.A.),x,x,,,,,,,,,,,,,,
4,4120,"TABILO TABILO, YANET SOLEDAD",,x,,,,,,,,,,,,,,
4,4123,BRACPESCA S.A. (EX H Y M PLANTA 2),,x,,,,,,,,,,,,,,
4,4126,"ROMERO PINTO, JUAN CARLOS",,,,,,,,x,,,,,,,,
4,4130,"DIAZ ARAYA, GRACIELA DEL CARMEN",x,x,,,,,,,,,,,,,,
4,4131,"CORTES AHUMADA, BERNARDO DEL TRANSITO",,,,,,,,,,,x,,,,,
4,4133,"GREEN PIZARRO, CIRO RICARDO",x,,,,,,,,,,,x,,,,
4,4136,ANTARTIC SEAFOOD S.A. (EX ELABORADORA ARTIC S.A.),,x,,,,,,x,,,,,,,,
4,4140,YEUN YEUL JEONG INVERSIONES E.I.R.L.,x,x,,,,,,,,,,,,,,
4,4141,"GONZALEZ RAMOS, PATRICIO DEL CARMEN",x,x,,,,,,,,,,,,,,
4,4144,"MAYORGA MUÑOZ, CARMELO AURELIANO",,,,,,,,,,,x,,,,,
4,4146,COMERCIALIZADORA Y EXPORTADORA JORGE FRANCISCO RETAMALES PEZOA EIRL,,,,,,,,,,,x,,,,,
4,4148,"VELIZ RIVERA, LUIS ANSELMO (PLANTA 2)",,,,,,,,,,,x,,,,,
4,4149,"MARAMBIO ROJAS, JESSICA MARYAN",,x,,,,,,,,,,,,,,
4,4150,"BERDEGUER AVALOS, YASNA AURELIA",x,x,,,,,,,,,,,,,,
4,4153,COMERCIAL PANAMERICANA S.A. (PLANTA 2),x,x,,,,,x,,,,,,,,,
4,4154,"CISTERNAS CORTES, NELSON DEL CARMEN",,,,,,,,,,,x,,,,,
4,4158,"JIMENEZ PEREZ DE ARCE, PAOLA ANDREA",x,x,,,,,,,,,,,,,,
4,4159,COOPERATIVA PESQUERA Y COMERCIALIZADORA PUNTA NORTE,x,x,,,,,,,,,,,,,,
4,4160,"ARACENA CESPED, JOEL EDUARDO",,x,,,,,,,,,,,,,,
4,4161,SOCIEDAD COMERCIAL  GRANMAR TONGOY LTDA.,,x,,,,,,,,,,,,,,
4,4162,"LEÓN ALCAYAGA, ANA LLERLYA",x,x,,,,,,,,,,,,,,
4,4163,"LEIVA FERNANDEZ, LUIS HUMBERTO",x,x,,,,,,,,,,,,,,
4,4165,"CASTILLO MUÑOZ, JOSEFINA DEL ROSARIO",,x,,,,,,,,,,,,,,
4,4167,"ALMONACID HIJERRA, MARÍA ELIZABETH",,x,,,,,,,,,,,,,,
4,4169,"HERRERA TRIGO, JULIO ENRIQUE",,x,,,,,,,,,,,,,,
4,4172,INVERSIONES GMG LTDA.,x,x,,,,,,,,,,,,,,
4,4173,Corporación Administrativa del Puerto Pesquero Artesanal  de San Anton,x,,,,,,,,,,,,,,,
4,4174,"SANTANDER AVALOS, SANDRO GUSTAVO",,,,,,,,,,,x,,,,,
4,4180,EXPORTACIONES M2 S.A.,,,,,,,,,,,x,,,,,
4,4183,A.G. DE PESC. Y BUZOS MARISCADORES DE CALETA SAN PEDRO IV REGION,,x,,,,,,,,,,,,,,
4,4185,SOCIEDAD COMERCIAL DELMAR LIMITADA,x,x,,,,,,,,,,,,,,
4,4190,"VELIZ RIVERA, PABLO HERNAN",,,,,,,,,,,x,,,,,
4,4192,"VALERIA JAMETT, RAUL ENRIQUE",,,,,,,,,,,x,,,,,
4,4193,LA HERRADURA SEA FOODS S.A.,,,,,,,,,,,x,,,,,
4,4197,SEAWEED EXPORT COMPANY SOCIEDAD ANONIMA,,,,,,,,,,,x,,,,,
4,4200,COMERCIALIZADORA ALGAS COQUIMBO SPA,,,,,,,,,,,x,,,,,
4,4202,"RIVERA RIVERA, LEODAN DE JESUS",,,,,,,,,,,x,,,,,
4,4203,"MUNIZAGA GALVEZ, JAIME ANTONIO",,,,,,,,,,,x,,,,,
4,4204,"SANTANDER VERGARA, HORACIO BERNARDINO",,,,,,,,,,,x,,,,,
4,4205,"ESCUDERO GABILANES, ALBERTO FRANCISCO OLIVIER",,,,,,,,,,,x,,,,,
4,4206,"BRUNA ROJAS, PATRICIA MARLENE",x,x,,,,,,,,,,,,,,
4,4207,NH FOODS CHILE Y COMPAÑÍA LIMITADA,,,,,,,,,,,x,,,,,
4,4208,"BRAVO SARAVIA, DIANA VALERIA",,,,,,,,,,,x,,,,,
4,4211,GUIDOMAR LIMITADA,x,x,,,,,,,,,,,,,,
4,4215,"COOPERATIVA , PESQUERA Y COMERCIALIZADORA EL SALADO ",,,,,,,,,,,x,,,,,
4,4217,EXPORTADORA CHILEAN PRODUCTS HANS LESSER E.I.R.L.,,x,,,,,,,,,,,,,,
4,4218,ANIVIEN MANUFACTURA Y EXPORTACION-EXPORTACION Y COMPAÑIA LIMITADA,,,,,,,,,,,x,,,,,
4,4220,SOCIEDAD ALIMENTOS ALSAN LIMITADA (ALSAN LIMITADA),,x,,,,,x,,,,,,,,,
4,4224,"VILLALOBOS FLORES, MIGUEL ENRIQUE",x,x,,,,,,,,,,,,,,
4,4227,"CACERES BAHAMONDEZ, MANUEL ALEJANDRO",,,,,,,,,,,x,,,,,
4,4228,COMERCIALIZADORA E INVERSIONES SCALAMAR LIMITADA,x,x,,,,,,,,,,,,,,
4,4232,"VELIZ TIRADO, ROMINA JESUS",,x,,,,,,,,,,,,,,
4,4234,"VARELA MUÑOZ, PAULA BEATRIZ",,,,,,,,,,,x,,,,,
4,4236,PROCESADORA DE ALIMENTOS OMEGA SEAFOODS LTDA.,x,,,,,,,,,,,,,,,
4,4237,"GONZALEZ BARRAZA, PATRICIA MARGARITA",,x,,,,,,,,,,,,,,
4,4238,"TABILO TABILO, RAUL RENE",,,,,,,,,,,x,,,,,
4,4239,"CARVAJAL ROBLES, LUIS ANSELMO",,,,,,,,,,,x,,,,,
4,4241,"ANDRADES ROJAS, RAMON GERARDO",,,,,,,,,,,x,,,,,
4,4242,"RAMIREZ BARRAZA, PABLO EDUARDO",,,,,,,,,,,x,,,,,
4,4243,VIERA MAR LTDA.,,,,,,,,,,,x,,,,,
4,4246,"BRANTT VERA, ALEX ORESTE",x,x,,,,,,,,,,,,,,
4,4247,COMERCIAL DIAZMAR E.I.R.L.,,,,,,,,,,,x,,,,,
4,4249,OLIVARES Y VIVANCO LIMITADA,,,,,,,,,,,x,,,,,
4,4250,"AQUEA GALVEZ, KATHERINE NATALY",,,,,,,,,,,x,,,,,
4,4252,COMERCIALIZADORA Y EXPORTADORA MEDO Y VICENCIO LIMITADA,x,x,,,,,,,,,,,,,,
4,4253,SOCIEDAD COMERCIALIZADORA DE ALGAS VALFAMAR LIMITADA,,,,,,,,,,,x,,,,,
4,4254,AUSTRAL GARDEN OF SEAWEED S.A.,,,,,,,,,,,x,,,,,
4,4256,Sociedad Comercializadaora Ivamar Limitada,,x,,,,,,,,,,,,,,
4,4258,Sociedad Comercial Delmar Limitada,x,x,,,,,,,,,,,,,,
4,4259,SEAWEED EXPORT COMPANY S.A.,,,,,,,,,,,x,,,,,
5,5002,ALGAMAR (ALGAS MARINAS S.A.),,,,,,,,,,x,,,,,,
5,5003,"QUINTERO, PESQUERA S.A.",,x,,,,,,,,,,,,,,
5,5004,PESQUERA PACIFIC BAY SPA,x,x,,,,,,,,,,,,,,
5,5072,"COSTA AZUL, INDUST. PESQUERA LTDA.",,,,,,,,,,,x,,,,,
5,5229,SOPESA S.A. (PLANTA 2),,,,,,,,x,x,,,,,,,
5,5235,"TRIMAR, S. COM. LTDA.",x,x,,,,,,,,,,,,,,
5,5239,EXPORTADORA Y COMERCIALIZADORA SAN DIEGO LIMITADA,x,x,,,,,,,,,,,,,,
5,5244,"MARLIMAR, S.P. LTDA.",,x,,,,,,,,,,,,,,
5,5251,SEAFOOD RESOURCES CHILE S.A.,x,x,,,,,x,,,,,,,,,
5,5256,MANCILLA AEDO VICTOR HUGO,,x,,,,,,,,,,,,,,
5,5260,PROCESADORA Y EXPORTADORA DE PESCADOS SOUTH TIDE LTDA.,x,x,,,,,,,,,,,,,,
5,5265,Frigorifico Fiordosur S.A.,x,x,,,,,,,,,,,,,,
5,5269,ULTRACONGELADOS DELAMAR LIMITADA,x,x,,,,,,,,,,,,,,
5,5276,SOC. VASQUEZ Y SANCHEZ LTDA.,,x,,,,,,,,,,,,,,
5,5277,"CHAMORRO MUENA, PEDRO RAMON",,x,,,,,,,,,,,,,,
5,5281,SOC. PULGAR CATALDO LTDA.,,,,,,,,,,,x,,,,,
5,5282,"TAULER AROS, RODRIGO ANDRES",,,,,,,,,,,x,,,,,
5,5284,"BERRIOS BEIZA, AGUSTIN ELIAS",,x,,,,,,,,,,,,,,
5,5287,SOCIEDAD PESCADORES S.A.,x,x,,,,,,,,,,,,,,
5,5289,IMP. Y EXP. CHILE TRADE SOLUTIONS LTDA. (EX SEA FISH),x,x,,,,,,,,,,,,,,
5,5292,S.T.I. PESCADORES CALETA EL MEMBRILLO,x,,,,,,,,,,,,,,,
5,5294,"SILVA BARRIGA, EDUARDO RAMON",x,x,,,,,,,,,,,,,,
5,5295,JOONG KI KIM EXP. E IMP. DE PRODUCTOS DEL MAR E.I.R.L.,,x,,,,,,,,,,,,,,
5,5298,FISH SOUTHAMERICAN R.F.B. EXPORT.Y COMERC. S.A..,,x,,,,,,,,,,,,,,
5,5300,EXPORT. Y COMERC. CHILEAN PRODUCTS LTDA.,,x,,,,,,,,,,,,,,
5,5301,"RIVADENEIRA RECABARREN, TEODORO R.",x,x,,,,x,,,,,,,,,,
5,5302,QUÍMICA ARTEPASTA LTDA.,,,,,,,,,,,x,,,,,
5,5303,CORP. DE FOMENTO Y DESARROLLO DE LA PESCA ARTESANAL PUERTECITO SAN ANT,x,,,,,,,,,,,,,,,
5,5307,MARINE FARMS S.A.,,,,,,,,,,,x,,,,,
5,5308,"ESPINOZA BARRAZA, PRÓSPERO SEGUNDO",,,,,,,,,,,x,,,,,
5,5309,MULTIFRIGO CASABLANCA S.A.,x,x,,,,,,,,,,,,,,
5,5311,"LLANQUIN RECABARREN, LUIS HERIBERTO",,x,,,,,,,,,,,,,,
5,5313,"CHAMORRO BURGOS, ANDRÉS SEBASTIÁN",,x,,,,,,,,,,,,,,
5,5314,"ASTUDILLO MORRISON, CARLOS HUMBERTO PATRICIO",x,x,,,,,,,,,,,,,,
5,5316,S.T.I. PESCADORES DE CALETA ZAPALLAR,,x,,,,,,,,,,,,,,
5,5319,COSTA SUR SEA FOOD S.A.,,x,,,,,,,,,,,,,,
5,5324,YAHGAN ALIMENTOS SOSTENIBLES LIMITADA,x,x,,,,x,,,,,,,,,,
5,5326,"MICHAEL PHILIP A. MC COLL ROEHRS, PESQUERA E.I.R.L.",,,,,,,,,,,,,,,,
5,5328,"RODRIGUEZ BURGOS, DANILO GABRIEL",,x,,,,,,,,,,,,,,
5,5331,"LLANQUIN RECABARREN, JOCELYNE CAROLINA",,x,,,,,,,,,,,,,,
5,5332,PESQUERA ALMAR S.A.,x,x,,,,,,,,,,,,,,
5,5333,COMERCIAL ORELLANA LTDA.,,,,,,,,,,,x,,,,,
5,5336,COMERCIAL LITORAL SUR SPA,,,,,,,,,,,x,,,,,
5,5337,LICAN SEA FOOD S.A.,x,x,,,,,,,,,,,,,,
5,5338,"GONZALEZ DE RODT, LIDIA OLGA",,x,,,,,,,,,,,,,,
5,5339,PESQUERA PEZ AZUL LIMITADA,,x,,,,,,,,,,,,,,
5,5341,MAR PACIFICO FOOD SPA,,x,,,,,,,,,,,,,,
5,5342,SINDICATO DE TRABAJADORES  INDEPENDIENTES BUZOS Y PESCADORES ARTESANAL,x,x,,,,,,,,,,,,,,
6,6005,FAENADORA SAN VICENTE LTDA.,,x,,,,,,,,,,,,,,
6,6013,"AHUMADA AHUMADA, ROSA DEL CARMEN",,,,,,,,,,,x,,,,,
6,6017,IMPORT. Y EXPORT. GUANGJIN LTDA.,,,,,,,,,,,x,,,,,
6,6019,S.T.I. PESCADORES ARTESANALES DE PICHILEMU,x,,,,,,,,,,,,,,,
6,6020,SOCIEDAD BUENALIMENTO LIMITADA,,,,,,,,,,,x,,,,,
6,6023,"FED. DE TRAB. INDEP. DE PESC.ART., ALG. Y BUZOS DE NAVIDAD ",,,,,,,,,,,x,,,,,
6,6024,ALGAS BUCALEMU LIMITADA,,,,,,,,,,,x,,,,,
6,6031,"VASQUEZ SANCHEZ, FELIPE ANDRES",,x,,,,,,,,,,,,,,
7,7012,"CORREA DIAZ, CLARA LUZ",,x,,,,,,,,,,,,,,
7,7013,"BELTRAN CORREA, DIEGO ALEJANDRO",x,x,,,,,,,,,,,,,,
7,7016,"ALISTE ARANEDA, PATRICIO OSVALDO",,,,,,,,,,,x,,,,,
7,7017,NH FOODS CHILE Y COMPAÑIA LIMITADA,,,,,,,,,,,x,,,,,
7,7018,STI DE BUZOS Y PESCADORES ARTESANALES Y ACUICUL. MATAQUITO DE LA PESCA,,x,,,,,,,,,,,,,,
7,7019,"GONZALEZ TOLEDO, MARIO",,x,,,,,,,,,,,,,,
7,7020,SOCIEDAD COMERCIAL Y EXPORTADORA DE PRODUCTOS DEL MAR QUIROZ Y COMPANI,,x,,,,,,,,,,,,,,
7,7021,EL QUINTO SPA,,,,,,,,,,,x,,,,,
7,7022,"NARVAEZ GOMEZ, RAUL GUILLERMO",,x,,,,,,,,,,,,,,
7,7024,SOCIEDAD EFRAIN ANDRADE E HIJOS LIMITADA,,,,,,,,,,,x,,,,,
8,8001,Camanchaca Pesca Sur S.A.,x,x,,,,,,,,,,,,,,
8,8106,BLUMAR  S.A.,,,,,,,,x,x,,,,,,,
8,8115,SOCIEDAD PESQUERA LANDES S.A.,x,x,,,,,,x,x,,,,,,,
8,8130,CAMANCHACA PESCA SUR  S.A.,,,,,,,,x,x,,,,,,,
8,8131,"HANH CORTEZ, MARIO SEBASTIAN",x,x,,,,,,,,,,,,,,
8,8145,TERRA NATUR S.A.,,,,,,,,,,,x,,,,,
8,8148,Camanchaca Pesca Sur S.A.,x,x,,,,,,,,,,,,,,
8,8162,SEAWEEDS CHILE  I.C.S.A.,,,,,,,,,,,x,,,,,
8,8163,Salmones Blumar S.A.,x,x,,,,,,,,,,,,,,
8,8201,"OLIVARES JARA, ADELINA DEL TRANSITO",,x,,,,,,,,,,,,,,
8,8258,LOTA PROTEIN S.A.,,,,,,,,x,x,,,,,,,
8,8271,"FRIOSUR, PESQUERA S.A.",x,x,,,,,,,,,,,,,,
8,8273,RICOFOODS S.A.,,,,,,,,,,,x,,,,,
8,8288,Blumar S.A.,x,x,,,,,,,,,,,,,,
8,8290,AGAR DEL PACIFICO S.A.,,,,,,,,,,x,,,,,x,
8,8298,ORIZON S.A.,x,x,,,,,x,,,,,,,,,
8,8300,"RIO LEBU, PESQUERA LTDA.",,x,,,,,,,,,,,,,,
8,8301,PESQUERA TUBUL S.A.,x,x,,,,,x,,,,,,,,,
8,8302,"ALGINA, PRODUCTOS QUIMICOS S.A.",,,,,,,,,,,x,,,,,
8,8303,FOODCORP CHILE S.A.,x,x,,,,,x,x,x,,,,,,,
8,8307,PESQUERA FIORDO AUSTRAL S.A.,,,,,,,,x,x,,,,,,,
8,8308,EMPACADORA LOTA SEAFOODS S.A.,x,x,,,,,,,,,,,,,,
8,8309,ORIZON S.A.,x,x,,,,,,x,x,,,,,,,
8,8313,ORIZON S.A.,,,,,,,,x,x,,,,,,,
8,8316,CONSERVAS CASTILLO LTDA.,,,,,,,x,,,,,,,,,
8,8317,BLUMAR  S.A.,,,,,,,,x,x,,,,,,,
8,8318,GEOMAR S.A.,x,x,,,,,x,,,,,,,,,
8,8319,PESQUERA BAHIA CORONEL S.A.,,,,,,,,x,x,,,,,,,
8,8320,ALIMEX  S.A.,x,x,,,,,x,,,,x,,,,,
8,8323,CONGELADOS PACIFICO S.A.,x,x,,,,,,,,,,,,,,
8,8327,PESCA ARAUCO LIMITADA,x,x,,,,,,,,,,,,,,
8,8328,PEDRO DEL CARMEN AGUAYO MARDONES,,x,,,,,,,,,,,,,,
8,8339,DEL CENTRO S.A.,x,x,,,,,,,,,,,,,,
8,8340,INDUSTRIAS ISLA QUIHUA S.A.,,,,,,,,x,x,,,,,,,
8,8342,SOCIEDAD MÁRQUEZ Y OCAMPO LTDA.,,x,,,,,,,,,,,,,,
8,8343,EXPORTADORA E IMPORTADORA DE PRODUCTOS MARINOS LTDA.,,,,,,,,,,,x,,,,,
8,8346,SUPERMERCADOS LONGAVI S.A.,,x,,,,,,,,,,,,,,
8,8348,"VEGA SOTO, MARCIAL JAIME",,,,,,,x,,,,,,,,,
8,8351,CAMANCHACA PESCA SUR  S.A.,x,,,,,,x,x,x,,,,,,,
8,8352,I PING INDUSTRIAL Y COMPAÑÍA LTDA.,,,,,,,,,,,x,,,,,
8,8353,S.T.I. PESCADORES ARTES.BUZOS MARISC.Y ACT. CONEX. CALETA CERRO VERDE ,x,x,,,,,,,,,,,,,,
8,8355,ATLANTIC PEARL CHILE LTDA.,,,,,,,,,,,x,,,,,
8,8360,SOCIEDAD DISTRIBUIDORA DE PRODUCTOS DEL MAR CONCEPCION LTDA.,,x,,,,,,,,,,,,,,
8,8365,DISTRIBUIDORA DE PRODUCTOS DEL MAR INCOMAR LIMITADA,x,x,,,,,,,,,,,,,,
8,8366,COMERCIAL POSEIDON LTDA.,,x,,,,,,,,,x,,,,,
8,8367,IND. SEA CHANCE Y CIA. LTDA.,,,,,,,,,,,x,,,,,
8,8368,"MAYORGA MUÑOZ, CARMELO AURELIANO  (PLANTA 2)",,,,,,,,,,,x,,,,,
8,8369,"CISTERNA FERNANDEZ, OLGA ERLINA",,x,,,,,,,,,,,,,,
8,8371,COMERCIALIZADORA AZUL PROFUNDO S.A.,,,,,,,,,x,,,,,,,
8,8372,JOSE MARIANO MONTEALEGRE ANDRADE,,,,,,,,,,,x,,,,,
8,8375,SOCIEDAD DE INVERSIONES CABOMA LTDA.,x,x,,,,,,,,,,,,,,
8,8376,"GALLEGOS BURGOS, MARIA HORTENSIA",,x,,,,,,,,,,,,,,
8,8377,"EDUARDO ORTIZ CARTES, PROC. Y COM. DE MARISC. Y PROD. DEL MAR E.I.R.L.",,x,,,,,,,,,,,,,,
8,8378,INDUSTRIAL MAULE LTDA.,,,,,,,,,x,,,,,,,
8,8379,COMERCIALIZADORA DE ALGAS BIOSEAWEEDS S.A.,,,,,,,,,,,x,,,,,
8,8382,SOC. MARTINEZ Y LAGOS LTDA.,x,x,,,,,,,,,,,,,,
8,8383,SOCIEDAD DE SERVICIOS VOGEL Y FIGUEROA LIMITADA,,,,,,,,,,,x,,,,,
8,8384,Salmones Camanchaca S.A.,x,x,,,,,,,,,,,,,,
8,8385,DE LA CERDA Y COMPAÑÍA LIMITADA,,,,,,,,,,,x,,,,,
8,8387,FRIGORIFICOS TALCAHUANO LIMITADA,x,x,,,,,,,,,,,,,,
8,8388,INDUSTRIA PROCESADORA DE ACEITES Y GRASAS S.A.,,,,,,,,,x,,,,,,,
8,8393,"GALLEGOS SÁEZ, ELENA DEL CARMEN",,x,,,,,,,,,,,,,,
8,8395,OPERACIONES COSTERAS S.A.,x,x,,,,,,,,,,,,,,
8,8396,Blumar S.A.,,x,,,,,,,,,,,,,,
8,8398,COMERCIAL Y CONSERVERA SAN LAZARO LIMITADA,x,x,,,,,,,,,,,,,,
8,8399,COMERCIALIZADORA DE ALGAS BIOSEAWEEDS S.A.,,,,,,,,,,,x,,,,,
8,8400,SOCIEDAD COMERCIAL SEAKELP S.A.,,,,,,,,,,,x,,,,,
8,8401,"ESTRADA MORAGA, ANTONIO DE LA CRUZ",,x,,,,,,,,,,,,,,
8,8402,"MUÑOZ ACOSTA, CLEMENCIA DEL CARMEN",x,,,,,,,,,,,,,,,
8,8403,INVERSIONES Y NEGOCIOS RUTH MARIA GUTIERREZ CATRILEO E.I.R.L.,,x,,,,,,,,,,,,,,
8,8404,MAYORGA Y ROSS LIMITADA,,,,,,,,,,,x,,,,,
8,8405,"CARBULLANCA DE LA VEGA, JULIO HERNAN",x,x,,,,,,,,,,,,,,
8,8406,"GODOY ALARCÓN, CARLOS IVÁN",,x,,,,,,,,,,,,,,
8,8407,AUSTRAL GARDEN OF SEAWEED SOCIEDAD ANONIMA,,,,,,,,,,,x,,,,,
8,8409,"ALISTE ARANEDA, PATRICIO OSVALDO",,,,,,,,,,,x,,,,,
8,8410,"AZOCAR CUEVAS, SOLEDAD DEL PILAR",,x,,,,,,,,,,,,,,
8,8411,"RIVERO VALENZUELA, IRENIO DEL CARMEN",x,x,,,,,,,,,,,,,,
8,8413,"RIVAS TORRES, ALEJANDRO ROBERTO",x,x,,,,,,,,,,,,,,
8,8414,COMERCIALIZADORA CARRAGEMAR CHILE LIMITADA,,,,,,,,,,,x,,,,,
8,8415,"CARRILLO ULLOA, ELOISA DEL CARMEN",x,x,,,,,,,,,,,,,,
8,8418,"JEREZ FERNANDEZ, ADELA DEL CARMEN",x,,,,,,,,,,,,,,,
8,8419,"GAJARDO MIRANDA, SERGIO ANTONIO",,x,,,,,,,,,,,,,,
8,8420,"ARANEDA QUIROZ, EDUARDO ALFONSO",,x,,,,,,,,,,,,,,
8,8421,NATURAL SEAWEEDS SPA,,,,,,,,,,,x,,,,,
8,8422,SEAWEEDS CHILE I.C.S.A.,,,,,,,,,,,x,,,,,
8,8423,AGROMAR SANTA MAGDALENA S.A.,,,,,,,,,,,x,,,,,
8,8424,"ARAYA ROJAS, JOSE FRANCISCO",x,x,,,,,,,,,,,,,,
8,8425,EMPRESAS SAN SEBASTIAN LIMITADA,x,x,,,,,,,,,,x,,,,
8,8427,ALIMENTOS Y FRUTOS DEL MAR SPA (ALFRUMAR SPA),,,,,,,x,,,,,,,,,
8,8428,"STI DE LA PESCA ART., BUZOS MARISC. Y ACTIV. CONEXAS CALETA ISLA MOCHA",x,,,,,,,,,,,,,,,
8,8429,SOCIEDAD DE INVERSIONES STH LIMITADA,,,,,,,,,,,x,,,,,
8,8432,"GALAZ MUÑOZ, GLADYS ISABEL",,x,,,,,,,,,,,,,,
8,8433,"LUENGO EWERT, HECTOR ",,,,,,,,,,,x,,,,,
8,8434,PLANTA PROCESADORA DE PRODUCTOS DEL MAR VISTA AL MAR TUBUL LTDA.,,x,,,,,,,,,,,,,,
8,8435,COMERCIAL LEBUFISH SPA,x,x,,,,,,,,,,,,,,
8,8436,SOCIEDAD DE SERVICIOS INDUSTRIALES SEAFOOD SERVICES LIMITADA ,,x,,,,,,,,,,,,,,
8,8437,COMERCIAL V Y F TRADING SPA,,x,,,,,,,,,,,,,,
8,8440,"SALAS FERNANDEZ, SELVA AMPARITO",,x,,,,,,,,,,,,,,
8,8443,"FERNANDEZ FERNANDEZ, FRANCISCO JAVIER",,x,,,,,,,,,,,,,,
8,8444,MARVESA SPA,,,,,,,x,,,,,,,,,
8,8445,"MEDINA VIDAL, ROSA DEL CARMEN",,x,,,,,,,,,,,,,,
8,8455,ALIMENTOS PESQUEROS SPA,,,,,,,,x,x,,,,,,,
9,9011,"FERNANDEZ GALLARDO, ALMA ELOISA",,,,,,x,,,,,,,,,,
9,9020,"ARNALDI SANDOVAL, SILVIA YANETT",,,,,,x,,,,,,,,,,
9,9024,SOC. COM. DIST. E IMPORT. DE LA COSTA Y GAURI LTDA.,x,x,,,,,,,,,,,,,,
9,9027,GESTION DE NEGOCIOS VONFACH LIMITADA,,x,,,,x,,,,,,,,,,
10,10034,"TRANS ANTARTIC, PESQUERA LTDA.",,,,,,,x,,,,,,,,,
10,10043,PROAGAR (PRODUCTORA DE AGAR S.A.),,,,,,,,,,x,,,,,,
10,10056,SOCIEDAD PESQUERA PALCO CHILE LTDA.,x,x,,,,,,,,,,,,,,
10,10064,Pesquera del Mar Antártico S.A.,x,x,,,,,,,,,,,,,,
10,10067,AGROINDUSTRIAL SANTA CRUZ LIMITADA,x,x,,,,,,,,,,,,,,
10,10068,DIPROMAR S.A.,,x,,,,,,,,,,,,,,
10,10086,PROCESOS AUSTRALES S.A.,x,,,,,,,,,,,,,,,
10,10095,AHUMADOS DEL SUR S.A.,x,,,,,,x,,,,,,,,,
10,10097,"SANTA MARTA, PESQUERA",x,x,,,,,,,,,,,,,,
10,10116,COMERCIAL E INDUSTRIAL DEL SUR S.A.,x,x,,,,,,,,,,,,,,
10,10122,"PUERTO OCTAY, CONSERVERA Y AHUMADOS LTDA.",,x,,,,,,,,,,,,,,
10,10126,"IBARRA, SOCIEDAD PESQUERA LTDA.",x,x,,,,,,,,,,,,,,
10,10156,Congelados y Conservas Fitz Roy  S.A.,x,x,,,,,,,,,,,,,,
10,10160,Procesadora Aguas Claras Ltda.,x,x,,,,,,,,,,,,,,
10,10176,DANISCO  CHILE S.A.,,,,,,,,,,,,,,x,,
10,10177,CHILE SEAFOODS COMERCIAL SPA,,x,,,,,,,,,,,,,,
10,10178,"GELYMAR, EXTRACTOS NATURALES S.A.",,,,,,,,,,,,,,x,,
10,10195,Cermaq Chile S.A.,x,x,,,,,,,,,,,,,,
10,10196,ALGAS MARINAS S.A.,,,,,,,,,,,x,,,,x,
10,10210,"AGROMAR LTDA. , SOC. COM. E IND. ",x,x,,,,,,,,,,,,,,
10,10212,CAMPOMAR SPA,,x,,,,,,,,,,,,,,
10,10213,PESCA Y CULTIVOS DON JORGE LTDA..,x,x,,,,,x,,,,,,,,,
10,10217,"AUCAR, SALMONES LTDA.",,x,,,,,,,,,,,,,,
10,10223,"DALCAHUE, CONSERVAS S.A.",,x,,,,,x,,,,,,,,,
10,10229,AGROMAR LTDA. SOC. COM. E IND. ,x,x,,,,,,,,,,,,,,
10,10231,INVERMAR S.A.,x,x,,,,,,,,,,,,,,
10,10241,SOC. PESQUERA Y DE TURISMO MARITIMO LOS ELEFANTES LTDA.,x,x,,,,,,,,,,,,,,
10,10256,Salmones Cailin S.A.,x,x,,,,,,,,,,,,,,
10,10274,SOC. IND. COM. MAROA LTDA.,x,x,,,,,,,,,,,,,,
10,10279,"CONTRERAS MIRANDA, GENARO ISAAC",x,,,,,,,,,,,,,,,
10,10289,"MARDONES BARRIA, EUGENIO SALVADOR",x,x,,,,,,,,,,,,,,
10,10600,"OSMAN CHELECH, RACHID OMAR",x,x,,,,,,,,,,,,,,
10,10604,"ALMONACID OYARZO, FLORIDOR DEL CARMEN",x,x,,x,,,x,,,,,,,,,
10,10608,"RIVERA ITURRA, JUAN DOMINGO",x,,,,,,,,,,,,,,,
10,10613,"VUKASOVIC KOVACIC, MIGUEL MILIVOY",x,x,,,,,,,,,,,,,,
10,10617,PESQUERA PACIFIC STAR  S.A.,,,,,,,,x,x,,,,,,,
10,10618,LOS GLACIARES S.A.,,,,,,,,x,x,,,,,,,
10,10620,"PACIFIC FARMER, PESQ. LTDA. (EX CHEN ZHANG LUO, COM. Y CIA. LTDA.)",,x,,,,,x,,,,,,,,,
10,10621,CUTTER S.A.,x,x,,,,,,,,,,,,,,
10,10622,SAFCOL CHILE S.A.,x,,,,,,x,,,,,,,,,
10,10623,SALMONOIL S.A.,,,,,,,,x,x,,,,,,,
10,10624,CONSERVAS Y CONGELADOS Y CIA. LTDA.,,x,,,,,x,,,,,,,,,
10,10636,Empresas Aquachile S.A.,x,x,,,,,,,,,,,,,,
10,10647,"SANTANA OYARZO, PEDRO BELISARIO",x,,,,,,,,,,,,,,,
10,10648,Toralla S.A.,,x,,,,,,,,,,,,,,
10,10651,PAQUITO CHILE LIMITADA,x,x,,,,,,,,,,,,,,
10,10652,"PE¥A ALMONACID, ROSALIA NEDILANDIA",,,,,,x,,,,,,,,,,
10,10655,Salmones Aysén S.A.,x,x,,,,,,,,,,,,,,
10,10658,PESQUERA LUDRIMAR LIMITADA,x,x,,,,,,,,,,,,,,
10,10663,SOCIEDAD PESQUERA SAN FERNANDO LTDA.,,x,,,,,,,,,,,,,,
10,10664,CERMAQ CHILE S.A.,x,x,,,,,,,,,,,,,,
10,10666,AQUA AUSTRAL S.A.,x,x,,,,,,,,,,,,,,
10,10667,AYLLACH AGUILERA MARIA ISABEL,x,,,,,,,,,,,,,,,
10,10669,GONZALEZ NAIN JUAN CARLOS,,x,,,,,,,,,,,,,,
10,10670,SOC. PESQUERA SILGAR LTDA.,,x,,,,,,,,,,,,,,
10,10671,RIA AUSTRAL  S.A.,,x,,,,,,,,,,,,,,
10,10673,Exportadora Los Fiordos Ltda.,x,x,,,,,,,,,,,,,,
10,10675,SOCIEDAD PESQUERA Y PROCESADORA AQUA LUNA LTDA.,,x,,,,,,,,,,,,,,
10,10678,ANTARFOOD S.A.,x,x,,,,,,,,,,,,,,
10,10679,PESQUERA DEEP SEA FOOD S.A. (EX PESQ. PALACIOS S.A.),,x,,,,,,,,,,,,,,
10,10681,Salmones Pacific Star S.A.,x,x,,,,,,,,,,,,,,
10,10685,Pesquera y Conservera Tamai Ltda.,x,x,,,,,,,,,,,,,,
10,10688,SOCIEDAD PRODUCTOS PESQUEROS S.A.,x,x,,,,,,,,,,,,,,
10,10692,RIO DULCE S.A.,x,,,,,,,,,,,,,,,
10,10695,S. COM. IMPORTADORA Y EXPORTADORA ROXANA LTDA.,x,x,,,,,,,,,,,,,,
10,10704,PESQUERA AVENDAÑO CARDENAS LTDA.,x,,,,,,,,,,,,,,,
10,10707,Productos del Mar Ventisqueros S.A.,x,x,,,,,,,,,,,,,,
10,10708,SALMOPROCESOS S.A.,x,x,,,,,,,,,,,,,,
10,10709,SOCIEDAD PESQUERA COMERCIAL CHAICAS LTDA.,x,x,,,,,,,,,,,,,,
10,10711,INVERSIONES QUETRIHUE S.A.,,x,,,,,,,,,,,,,,
10,10715,PESQUERA MARISHELL LTDA.,x,x,,,,,,,,,,,,,,
10,10716,MAR VIVO S.A.,,x,,,,,,,,,,,,,,
10,10718,Sea Flavors S.A.,x,x,,,,,,,,,,,,,,
10,10721,RENATE IWERSEN HANSEN,,,,,,x,,,,,,,,,,
10,10722,YADRÁN QUELLÓN S.A.,x,x,,,,,,,,,,,,,,
10,10723,FOODCORP CHILE S.A.,x,x,,,,,x,,,,,,,,,
10,10727,CAMANCHACA CULTIVOS SUR S.A.,,x,,,,,,,,,,,,,,
10,10728,INMUEBLES CATALUÑA LIMITADA,x,x,,,,,x,,,,,,,,,
10,10729,CONSERVAS Y CONGELADOS DE PUERTO MONTT S.A.,x,x,,,,,x,,,,,,,,,
10,10731,COMERCIALIZADORA AQUA AUSTRAL LIMITADA,x,x,,,,,,,,,,,,,,
10,10732,Procesadora Navarino S.A.,x,x,,,,,,,,,,,,,,
10,10735,Salmones Antartica S.A.,x,x,,,,,,,,,,,,,,
10,10736,ALIMEX  S.A._QUELLÓN,,,,,,,,,,,x,,,,,
10,10743,"ULLOA GALINDO, VÍCTOR MANUEL",x,x,,,,,x,,,,,,,,,
10,10746,FILOMENA TERAN CRUZ ELABORADORA Y COMERCIALIZADORA E.I.R.L.,x,x,,,,,,,,,,,,,,
10,10747,PACIFIC GOLD S.A.,,x,,,,,,,,,,,,,,
10,10748,PROCESADORA HUEÑOCOIHUE SPA,x,x,,,,,,,,,,,,,,
10,10749,JUAN SCHNEIDER E HIJOS LTDA.,x,x,,,,,,,,,,,,,,
10,10751,Granja Marina Tornagaleones S.A.,x,x,,,,,,,,,,,,,,
10,10752,ST. ANDREWS SMOKY DELICACIES S.A,,x,,,,,,,,,,,,,,
10,10753,ALIMENTOS FRESCOS Y CONGELADOS LTDA.,x,x,,,,,,,,,,,,,,
10,10754,BLUE SHELL S.A.,,x,,,,,,,,,,,,,,
10,10755,ORIZON S.A.,,x,,,,,x,,,,,,,,,
10,10759,Sea Garden S.A.,x,x,,,,,,,,,,,,,,
10,10762,PESBASA S.A.,,x,,,,,,,,,,,,,,
10,10764,WILLY RODOLFO RIEDEL BARRÍA,,x,,,,x,,,,,,,,,,
10,10766,DAVILA Y DIAZ LTDA. (EX SOC. COM. DASAN LTDA.),x,x,,,,,,,,,,,,,,
10,10767,PESQUERA SALMAR LTDA.,x,x,,,,,,,,,,,,,,
10,10769,SOCIEDAD COMERCIAL CANAL PEREZ NORTE LTDA.,x,x,,,,,x,,,,,,,,,
10,10770,"VARAS HERRERA, PATRICIO BERNARDO",,x,,,,,,,,,,,,,,
10,10773,"RAIN ÑANCUPEL, CECILIA AURORA",x,,,,,,,,,,,,,,,
10,10774,SUDMARIS CHILE S.A.,,x,,,,,,,,,,,,,,
10,10776,PESQUERA LA PORTADA S.A.,,,,,,,,x,x,,,,,,,
10,10778,Salmones Camanchaca S.A.,x,,,,,,,,,,,,,,,
10,10781,"GARCIA CAMPOS, JUSTO LORENZO",x,x,,,,,,,,,,,,,,
10,10782,"BARRIA DELGADO, SANDRA MARIBEL",x,x,,,,,,,,,,,,,,
10,10788,SURPROCESO S.A.,x,,,,,,,,,,,,,,,
10,10789,SOC. COM. QUELLON VIEJO LTDA.,x,,,,,,,,,,,,,,,
10,10790,SOC. COM. E INVERSIONES EXPROMAR LTDA.,,x,,,,,,,,,,,,,,
10,10791,PROCESADORA JORGE VARGAS E.I.R.L.,x,x,,,,,,,,,,,,,,
10,10792,"GARCES VERGARA, HONORIO",x,,,,,,,,,,,,,,,
10,10793,PUERTO DE HUMOS S.A. ,,x,,,,x,,,,,,,,,,
10,10796,COMERCIAL NAHUELBUTA LTDA.,x,x,,,,,,,,,,,,,,
10,10797,"ULLOA AMPUERO, RENE ALEJANDRO",x,x,,,,,,,,,,,,,,
10,10800,INVERSIONES  COIHUIN LTDA.,,x,,,,,,,,,,,,,,
10,10801,"ALTAMIRANO SANTANA, OSCAR JOVINO",x,,,,,,,,,,,,,,,
10,10802,SOC. WENDT FISH LTDA.,x,x,,,,,,,,,,,,,,
10,10806,"REYES GONZALEZ, ELIAS JUAN",x,x,,,,,,,,,,,,,,
10,10810,Productos del Mar Ventisqueros S.A. ,x,x,,,,,,,,,,,,,,
10,10817,"ARRIAGADA PROSCHLE, MIRIAM DEL CARMEN",x,x,,,,,,,,,,,,,,
10,10819,"JELDES TAPIA, KARINA BEATRIZ",,x,,,,,,,,,,,,,,
10,10821,"PÉREZ PÉREZ, JUANA UFANA DEL CARMEN",,x,,,,,,,,,,,,,,
10,10823,Alimentos Multiexport S.A.,x,x,,,,,,,,,,,,,,
10,10825,"WAGENKNECHT TORRES, CECILIA DEL CARMEN",x,,,,,,,,,,,,,,,
10,10827,"TARUMAN AVENDAÑO, JUAN CARLOS",x,x,,,,,,,,,,,,,,
10,10828,SALAZAR Y CERNA LTDA.,x,x,,,,,,,,,,,,,,
10,10829,COMERCIALIZADORA Y EXPORTADORA SUR CORP S.A.,,x,,,,,,,,,,,,,,
10,10830,SOCIEDAD  PROA LTDA.,,x,,,,,,,,,,,,,,
10,10831,"BLANCO PAVÉZ, HORACIO",x,,,,,,,,,,,,,,,
10,10834,NEOGEL S.A.,,,,,,,,,,,,,,x,,
10,10840,AOUN OJEDA LEILA LETICIA E.I.R.L.,x,,,,,,,,,,,,,,,
10,10841,COMERCIAL JESSICA BEATRIZ OYARZUN REYES E.I.R.L.,x,x,,,,x,,,,,,,,,,
10,10842,"ALVARADO BARRIENTOS, TULIO MARCO",,x,,,,,,,,,,,,,,
10,10843,"MANCILLA MANCILLA, MARÍA ANGÉLICA",x,x,,,,,,,,,,,,,,
10,10846,"BORQUEZ GOMEZ, JORGE ORLANDO",,x,,,,,,,,,,,,,,
10,10850,COMERC. DE PROD. ALIMENTICIOS ERNESTO FROILAN SCHULER GAYOSO E.I.R.L.,x,x,,x,,,x,,,,,,,,,
10,10852,"BARRIENTOS BARRIENTOS, MARÍA CECILIA",,x,,,,,,,,,,,,,,
10,10853,"ACUÑA FUENTES, EDMUNDO JOSÉ",x,x,,,,,,,,,,,,,,
10,10855,PROYECTA COMERCIAL E INDUSTRIAL SPA,x,x,,,,,,,,,,,,,,
10,10856,SOCIEDAD COMERCIAL PESQUERA ARTESANAL GOLFO DE ANCUD LIMITADA,x,,,,,,,,,,,,,,,
10,10857,"ALMONACID OYARZO, JOSE CARLOS",x,x,,,,,,,,,,,,,,
10,10860,INTAC PROCESOS SPA,x,x,,,,,,,,,,,,,,
10,10862,CALETA BAY EXPORT SPA,x,x,,,,,,,,,,,,,,
10,10863,MARINE HARVEST CHILE S.A.,x,,,,,,,,,,,,,,,
10,10865,"PINTO MUÑOZ, JOSE OLEGARIO",,x,,,,,,,,,,,,,,
10,10866,COMERCIAL MARES DE CHILOE S.A.,,x,,,,,,,,,,,,,,
10,10867,"KRAUSE MUÑOZ, MARIA ULDA",x,x,,,,,,,,,,,,,,
10,10868,"VARGAS BARRIA, DORIS ALICIA",,x,,,,,,,,,,,,,,
10,10870,"GUERRA HERNANDEZ, MARTA MAGDALENA",x,,,,,,,,,,,,,,,
10,10871,PESQUERA QUEITAO LIMITADA,x,x,,,,,,,,,,,,,,
10,10872,"HUERTA CORCUERA, JOSE MIGUEL",x,x,,,,,,,,,,,,,,
10,10875,SOCIEDAD OCEANO SUR SPA,x,x,,,,,,,,,,,,,,
10,10876,COMERCIAL AUSTRAL CHILE LIMITADA,,x,,,,,,,,,,,,,,
10,10877,SOCIEDAD COVESAN S.A.,,x,,,,,,,,,,,,,,
10,10878,"ZAPATA SANTOS, ROBERTO FERNANDO",x,x,,,,,,,,,,,,,,
10,10879,ALIMENTOS Y SERVICIOS ACUAFOOD SPA,x,x,,,,,,,,,,,,,,
10,10880,"FLORES CARVAJAL, RUBEN HERNAN",,x,,,,,,,,,,,,,,
10,10883,COMERCIAL NAHUELBUTA LIMITADA,x,x,,,,,,,,,,,,,,
10,10884,Comercial y Servicios Sur Austral Ltda.,x,x,,,,,,,,,,,,,,
10,10885,"FREIRE PEREZ, NICOLE BELEN",,x,,,,,,,,,,,,,,
10,10887,CENTRO LOGISTICO PESQUERO SANTIAGO S.A. ,,x,,,,,,,,,,x,,,,
10,10891,SOCIEDAD PROA LTDA.,,x,,,,,,,,,,,,,,
10,10893,ROBLENCINA SERVICIOS LIMITADA,x,x,,,,,,,,,,,,,,
10,10894,"PIÑEIRO MELLA, GASTON ENRIQUE",,x,,,,,,,,,,,,,,
10,10896,INVERSIONES SAN CAYETANO LTDA.,,x,,,,,,,,,,,,,,
10,10900,"ALMONACID OYARZO, FLORIDOR DEL CARMEN",x,x,,,,,,,,,,,,,,
10,10902,"HINOSTROZA MONJE, JENNY ALEJANDRA",,x,,,,,,,,,,,,,,
10,10903,"OJEDA BARRIA, CHRISTIAN MARCELO",,,,,,x,,,,,,,,,,
10,10907,"OSORIO CONTRERAS, JUAN ELADIO",x,,,,,,,,,,,,,,,
10,10908,"MANSILLA MUÑOZ, MARIA ELIZABETH",x,,,,,,,,,,,,,,,
10,10910,JOSE M HUERTA SERVIC DE COMIDA PREPAR ELAB Y VENTA DE PROD ALIMENTI EI,,x,,,,,,,,,,,,,,
11,11004,Pesquera FRIOSUR S.A.,x,x,,,,,,,,,,,,,,
11,11012,Marine Harvest Chile S.A.,x,x,,,,,,,,,,,,,,
11,11021,"VILLEGAS CANQUIL, VICTOR CLAUDIO",x,x,,,,,,,,,,,,,,
11,11025,COMERCIAL COMTESA S.A.,,x,,,,,,,,,,,,,,
11,11043,MAYORISTA DE PRODUCTOS DEL MAR SAUL EDUARDO CONTRERAS REDLICK E.I.R.L.,x,,,,,,,,,,,,,,,
11,11046,"PUINAO HARO, ELSA AMALIA",x,x,,,,,,,,,,,,,,
11,11054,GRANERO S.A.,,,,,,,,x,x,,,,,,,
11,11058,"ROBINSON YAÑEZ, GASTON GUILLERMO",x,x,,,,,,,,,,,,,,
11,11059,"OYARZO BARRIENTOS, GLORIA DEL CARMEN",,x,,,,,,,,,,,,,,
11,11064,"TECAY GUEICHAPIREN, JAIME JAVIER",x,x,,,,,,,,,,,,,,
11,11074,"HERNANDEZ MENOR, JORGE DEL CARMEN",x,x,,,,,,,,,,,,,,
12,12004,PESQUERA Y CONSERVERA CABO DE HORNOS LTDA.,x,x,,,,,,,,,,,,,,
12,12016,COMERCIAL COMTESA S.A.,,x,,,,,x,,,,,,,,,
12,12017,"LLANQUIHUE, PESQUERA (OJEDA  SOTO, MARINA)",x,,,,,,,,,,,,,,,
12,12030,Pesquera Torres del Paine Ltda.,x,x,,,,,,,,,,,,,,
12,12045,"ALGINA, PRODUCTOS QUIMICOS S.A.",,,,,,,,,,,x,,,,,
12,12054,PESQUERA EDEN S.P.A.,x,x,,,,,,,,,,,,,,
12,12055,"REAL, PESQUERA Y CONSERVERA LTDA.",x,x,,,,,,,,,,,,,,
12,12056,"MARBELLA, COMERCIAL LTDA.",x,x,,,,,,,,,,,,,,
12,12057,"MAC LEAN Y CIA., COMERCIAL LTDA.",,x,,,,,,,,,,,,,,
12,12070,"ARENAS GONZALEZ, RENZO DANILO",x,x,,,,,,,,,,,,,,
12,12074,SOC. PESQUERA BAHIA CHILOTA Y CIA. LTDA.,,x,,,,,,,,,,,,,,
12,12075,PESQUERA Y CONSERVERA ISLA LENNOX  LTDA. (PLANTA 2),x,x,,,x,,,,,,,,,,,
12,12078,"OCEANO ATLANTICO, IMPORTADORA Y EXPORTADORA LTDA.",,x,,,,,,,,,,,,,,
12,12079,Nova Austral S.A.,x,x,,,,,,,,,,,,,,
12,12080,SOCIEDAD PESQUERA REYMAR Y CIA. LTDA.,x,x,,,,,,,,,,,,,,
12,12084,SOC. BAKKAVOR CHILE S.A.,,x,,,,,,,,,,,,,,
12,12085,SOC. COMERCIAL LOW TRIVIÑO LTDA.,x,x,,,,,,,,,,,,,,
12,12088,PRODUCTOS MARINOS PUERTO WILLIAMS LTDA.,,x,,,,,,,,,,,,,,
12,12091,"MELINKA Y CIA. LTDA., SOCIEDAD COMERCIAL",,x,,,,,,,,,,,,,,
12,12095,PESQUERA AGROPESCA LIMITADA,x,x,,,,,,,,,,,,,,
12,12096,SOC. COM. LOW TRIVIÑO LTDA. (PLANTA 2),,x,,,,,,,,,,,,,,
12,12097,SOC. PESQUERA EMAR LTDA.,x,x,,,,,,,,,,,,,,
12,12102,SOCIEDAD COMERCIAL ALISTE Y ESPINOZA LTDA.,x,x,,,,,,,,,,,,,,
12,12103,Alvarez y Alvarez Ltda.,x,x,,,,,,,,,,,,,,
12,12105,DANISCO S.A. (PLANTA 2),,,,,,,,,,,x,,,,,
12,12107,"SOTO VELOSO, PEDRO ERNESTO",,x,,,,,,,,,,,,,,
12,12108,INTERNATIONAL SEAFOOD S.A.,,x,,,,,,,,,,,,,,
12,12109,Elaboradora de Alimentos Porvenir S.A.,x,x,,,,,,,,,,,,,,
12,12113,MARINE GEL ANTARTIC S.A.,,,,,,,,,,,x,,,x,,
12,12115,"AMPUERO LAVADO, MIRNA PATRICIA",x,x,,,,,,,,,,,,,,
12,12117,SERVICIOS PORVENIR Y COMPAÑIA S.A.,,x,,,,,,,,,,,,,,
12,12118,AQUAPROTEIN S.A.,,,,,,,,x,x,,,,,,,
12,12120,INMOBILIARIA Y FAENADORA PROYECTA SPA,x,x,,,,,,,,,,,,,,
12,12122,"EBERHARD VOLKART, HERMANN ALEJANDRO",,x,,,,,,,,,,,,,,
12,12124,"LAGOS VIDAL, JOHANNA DANIELA",x,x,,,,,,,,,,,,,,
12,12129,COMERCIAL EL ASADOR PATAGÓNICO LTDA.,,,,,,x,,,,,,,,,,
12,12130,PESQUERA CABO FROWARD LIMITADA,x,x,,,,,,,,,,,,,,
12,12134,"OJEDA AGUILA, ANGELA ERCIRA",,x,,,,,,,,,,,,,,
12,12135,"NAVERO LEIVA, JOSE AURELIO",x,x,,,,,,,,,,,,,,
12,12136,"ALEUY MELLA, SAID FERNANDO",,x,,,,,,,,,,,,,,
12,12141,CHILE SEAFOODS COMERCIAL SPA,x,,,,,,,,,,,,,,,
12,12144,"HIDALGO POLANCO, RICARDO ESTEBAN",,x,,,,,,,,,,,,,,
12,12146,"RODRIGUEZ URETA, ALONSO MATIAS",,x,,,,,,,,,,,,,,
13,13038,"ALGINA, PRODUCTOS QUIMICOS S.A.",,,,,,,,,,,x,,,,,
13,13058,"MARVAL, PRODUCTOS ALIMENTICIOS LTDA.",x,x,,,,,,,,,,,,,,
13,13064,KIMICA CHILE LTDA. (EX KIMITSU CHILE),,,,,,,,,,,,,x,,,
13,13066,"MAS MAR, SOC. EXP. LTDA.",,x,,,,,,,,,,,,,,
13,13068,"PACIMAR, PROCESADORA DE MARISCOS LTDA.",,x,,,,,,,,,,x,,,,
13,13073,IMPORTADORA Y EXPORTADORA SAN ISIDRO S.A.,x,x,,,,,,,,,,,,,,
13,13097,ALIMEX  S.A.,,,,,,,,,,,x,,,,,
13,13098,MARCELA GARÍN VARGAS,x,x,,,,,,,,,,,,,,
13,13099,CENTRO LOGÍSTICO PESQUERO SANTIAGO S.A.,x,x,,,,,,,,,,,,,,
13,13100,COMERCIAL Y PESQUERA SOUTH WIND S.A.,x,x,,,,x,,,,,,,,,,
13,13102,AQUAPURO S.A.,x,x,,,,,,,,,,,,,,
13,13107,EXPORT. E IMPORT. MIGUEL DEPOLO S.A.C MIDESA,,,,,,,,,,,x,,,x,x,
13,13110,"ALGAS MARINAS S.A., ALGAMAR",,,,,,,,,,,x,,,,x,
13,13111,QUIMICA INDUSTRIAL SPES S.A.,,,,,,,,,x,,,,,,,
13,13112,TRIO S.A.,,,,,,,,,x,,,,,,,
13,13119,COMERCIALIZADORA DE PRODUCTOS DEL MAR TRANMAR LTDA.,x,x,,,,,,,,,,,,,,
13,13122,"MATTISINE ALVEAR, MARCOS DARÍO",,x,,,,,,,,,,,,,,
13,13125,EXP. E IMP. PATAGONIAN FISHERIES CORP LIMITADA,x,x,,,,,,,,,,,,,,
13,13131,PESQUERA FRISKO SEAFOOD LIMITADA,x,x,,,,,,,,,,,,,,
13,13132,COMERCIALIZADORA TAVINSKY SOCIEDAD LIMITADA,,,,,,,,,,,,x,,,,
13,13134,"ELGUETA MESIAS, NESTOR ULISES RAUL",x,x,,,,,,,,,,,,,,
13,13137,SEAWEED EXPORT COMPANY S.A.,,,,,,,,,,,x,,,,,
13,13138,PRODUCTOS ALIMENTICIOS CORBAC LIMITADA,,,,,,,,,,,,x,,,,
13,13139,"BRAVO MENDEZ, LEONARDO",,x,,,,,,,,,,,,,,
13,13144,"SAID GARIB, ABRAHAM ALEJANDRO",,x,,,,,,,,,,,,,,
13,13145,COMERCIALIZADORA Y DISTRIBUIDORA DE PESCADOS Y MARISCOS S.A. ,x,x,,,,,,,,,,,,,,
13,13146,MASTER SEAFOOD SPA,,x,,,,,,,,,,,,,,
13,13147,SOC. COMERCIAL SAN IGNACIO Y CIA. LTDA.,,x,,,,,,,,,,,,,,
14,10018,"ENTRE RIOS, PISCICOLA LTDA.",,x,,,,,,,,,,,,,,
14,10027,"ISLA DEL REY, PESQUERA S.A.",,x,,,,,,,,,,,,,,
14,10630,"ESCOBAR GALAZ, JOSE SILVANO",x,x,,,,,,,,,,,,,,
14,10650,BLUMAR S.A.,,,,,,,,x,x,,,,,,,
14,10701,"BELLIAZZI BARRIENTOS, IVAN ALEJANDRO",x,x,,,,,,,,,,,,,,
14,14001,"STI, PESCADORES ART. Y RAMOS SIMILARES DEL PUERTO DE CORRAL",x,x,,,,,,,,,,,,,,
14,14004,"FED. PROV. DE PESC. ART., BUZOS MARISC., ALG. Y ACT. SIMILARES DEL SUR",x,x,,,,,,,,,,,,,,
14,14008,"KUSCH ALVARADO, CARLOS EDUARDO",x,x,,,,,,,,,,x,,,,
14,14009,PATAGONIA BIOTECNOLOGIA S.A.,,,,,,,,,,,,,x,,,
14,14010,S.T.I. PESCADORES ARTESANALES DE CHAIHUIN,x,,,,,,,,,,,,,,,
14,14014,LINEA NATURAL DE EXTRACTOS VALDIVIA SPA,,,,,,,,,,,,,x,,,
15,1011,AGROPESCA S.A.,,,,,x,,,,,,,,,,,
15,1094,"PAEZ ALMEJO, WALTERIO SEGUNDO",,,,x,,,,,,,,,,,,
15,1095,CORPESCA S.A._ARICA (PLANTA 1),,,,,,,,x,x,,,,,,,
15,1096,CORPESCA S.A. _ARICA (PLANTA 2),,,,,,,,x,x,,,,,,,
15,1106,K Y C SEAFOODS LTDA.,,,,,x,,,,,,,,,,,
15,15001,GOLDEN OMEGA S.A.,,,,,,,,,x,,,,,,,
15,15004,ARICA SEAFOODS PRODUCER S.A.,x,,,,x,,x,,,,,,,,,
,,Total Plantas por Línea,270,380,0,3,4,13,33,32,36,4,222,8,3,5,4,
,,Total Plantas que operan,701,,,,,,,,,,,,,,,
,,,,,,,,,,,,,,,,,,
,,,L2 : Fresco - Enfriado,,,,,,L7 : Ahumado,,,,,L12 : Alga Seca,,,,
,,,L3 : Congelado,,,,,,L8 : Conserva,,,,,L13 : Deshidratado,,,,
,,,L4 : Surimi,,,,,,L9 : Harina,,,,,L14 : Alginato,,,,
,,,L5 : Salado Seco,,,,,,L10 :Aceite,,,,,L15 : Carragenina,,,,
,,,L6 : Salado Húmedo,,,,,,L11 : Agar - Agar,,,,,L16 : Colagar,,,,
