"year","region","especie_SERNAPESCA","tons"
2013,0,"ALBACORA O PEZ ESPADA / IVI HEHEU",13.05225
2013,0,"ALGAS MIXTAS",0.651
2013,0,"CARACOL PALO PALO",0.09747
2013,0,"CAROLA",0.651
2013,0,"CENTOLLA",0.12533
2013,0,"CHASCON O HUIRO NEGRO",26.046
2013,0,"CHOLGA",1.42695
2013,0,"CHORO",1.42695
2013,0,"CULENGUE",0.00066
2013,0,"ERIZO",0.04066
2013,0,"HUEPO O NAVAJA DE MAR",0.08446
2013,0,"JAIBA",0.00066
2013,0,"JAIBA LIMON",0.00066
2013,0,"JAIBA MARMOLA",0.00066
2013,0,"JAIBA MORA",0.00066
2013,0,"JAIBA PANCHOTE O CANGREJO",0.00066
2013,0,"JAIBA PELUDA O PACHONA",0.00066
2013,0,"JAIBA REINA",0.00066
2013,0,"JAIBA REMADORA",0.00066
2013,0,"JULIANA O TAWERA",0.41474
2013,0,"JUREL",3.865
2013,0,"LANGOSTINO AMARILLO",0.108
2013,0,"LANGOSTINO COLORADO",0.24216
2013,0,"LOCO",0.03125
2013,0,"MACHA",0.00066
2013,0,"MERLUZA COMUN",0.15537
2013,0,"MERLUZA DE COLA",0.0044
2013,0,"MERLUZA DEL ATLANTICO",0.0044
2013,0,"MERLUZA DEL SUR O AUSTRAL",0.17886
2013,0,"NAVAJUELA",0.00353
2013,0,"OSTION DEL NORTE",0.01127
2013,0,"PELILLO",0.11296
2013,0,"REINETA",0.25966
2013,0,"SALMON REY",0.53612
2013,0,"SARDINA AUSTRAL",0.0045
2013,0,"SARDINA COMUN",0.0045
2013,0,"TRUCHA ARCOIRIS",0.407
2013,1,"ALGAS MIXTAS",416.845
2013,1,"CAROLA",416.845
2013,1,"CHASCON O HUIRO NEGRO",9360.2878
2013,1,"CHOLGA",25.5
2013,1,"CHORO",25.5
2013,1,"ERIZO",5.8425
2013,1,"HUIRO",1094.462
2013,1,"JUREL",75.395
2013,2,"CHASCON O HUIRO NEGRO",8429.108
2013,2,"COCHAYUYO",55.425
2013,2,"HUIRO",307.61
2013,2,"SALMON REY",24.2
2013,2,"SARDINA ESPANOLA",24.15
2013,3,"ALBACORA O PEZ ESPADA / IVI HEHEU",40.19203
2013,3,"CHASCON O HUIRO NEGRO",26914.3458
2013,3,"COCHAYUYO",331.351
2013,3,"ERIZO",2.709
2013,3,"HUIRO",898.921
2013,3,"PELILLO",42.111
2013,4,"ABALON JAPONES",0.51751
2013,4,"ALBACORA O PEZ ESPADA / IVI HEHEU",1221.80959
2013,4,"ALGAS MIXTAS",1618.171
2013,4,"CAMARON NAILON",179.5128
2013,4,"CARACOL LOCATE",55.717
2013,4,"CAROLA",1618.171
2013,4,"CENTOLLA",2.492
2013,4,"CENTOLLON",0.025
2013,4,"CHASCON O HUIRO NEGRO",16564.424
2013,4,"CHICOREA DE MAR",211.07
2013,4,"CHORITO",10.63
2013,4,"COCHAYUYO",213.559
2013,4,"COJINOBA DEL NORTE / PIAFRI",3.9955
2013,4,"COJINOBA DEL SUR O AZUL",3.9955
2013,4,"COJINOBA MOTEADA",3.9955
2013,4,"HUIRO",505.61
2013,4,"JAIBA",2.298
2013,4,"JAIBA LIMON",2.298
2013,4,"JAIBA MARMOLA",2.298
2013,4,"JAIBA MORA",2.298
2013,4,"JAIBA PANCHOTE O CANGREJO",2.298
2013,4,"JAIBA PELUDA O PACHONA",2.298
2013,4,"JAIBA REINA",2.298
2013,4,"JAIBA REMADORA",2.298
2013,4,"JUREL",1907.4379
2013,4,"LANGOSTA DE J.FERNANDEZ",15.032
2013,4,"LANGOSTINO AMARILLO",138.55587
2013,4,"LANGOSTINO COLORADO",150.89997
2013,4,"MERLUZA DEL SUR O AUSTRAL",0.355
2013,4,"OSTION DEL NORTE",74.4982
2013,4,"OSTRA DEL PACIFICO",8.063
2013,4,"PELILLO",145.801
2013,4,"TRUCHA ARCOIRIS",25.184
2013,5,"ABALON JAPONES",0.35651
2013,5,"ALBACORA O PEZ ESPADA / IVI HEHEU",20.021
2013,5,"ALGAS MIXTAS",229.449
2013,5,"ANGUILA",70.8
2013,5,"BACALAO ANTARTICO",5.30345
2013,5,"BACALAO DE PROFUNDIDAD",119.41113
2013,5,"CAMARON NAILON",258.76017
2013,5,"CARACOL PALO PALO",0.968
2013,5,"CAROLA",229.449
2013,5,"CENTOLLA",278.85168
2013,5,"CHASCA",44.85796
2013,5,"CHASCON O HUIRO NEGRO",3157.695
2013,5,"CHOLGA",285.5235
2013,5,"CHORO",285.5235
2013,5,"COCHAYUYO",50.0306
2013,5,"CONGRIO COLORADO",3.235
2013,5,"CONGRIO NEGRO",3.235
2013,5,"GAMBA",1.12273
2013,5,"HUIRO",150.3987
2013,5,"JAIBA",103.5938
2013,5,"JAIBA LIMON",103.5938
2013,5,"JAIBA MARMOLA",103.5938
2013,5,"JAIBA MORA",103.5938
2013,5,"JAIBA PANCHOTE O CANGREJO",103.5938
2013,5,"JAIBA PELUDA O PACHONA",103.5938
2013,5,"JAIBA REINA",103.5938
2013,5,"JAIBA REMADORA",103.5938
2013,5,"LANGOSTA DE J.FERNANDEZ",0.73
2013,5,"LOCO",5.949
2013,5,"MERLUZA COMUN",13.453
2013,5,"MERLUZA DEL SUR O AUSTRAL",11.58448
2013,5,"PELILLO",99.905
2013,5,"SALMON REY",39.1415
2013,5,"TRUCHA ARCOIRIS",50.0625
2013,6,"ALGAS MIXTAS",322.99
2013,6,"CAROLA",322.99
2013,6,"CHASCA",44.95
2013,6,"CHASCON O HUIRO NEGRO",50.2
2013,6,"COCHAYUYO",213.3427
2013,6,"HUIRO",112.873
2013,6,"OSTION DEL NORTE",1.831
2013,6,"SALMON REY",465.09156
2013,6,"TRUCHA ARCOIRIS",313.941
2013,7,"ALBACORA O PEZ ESPADA / IVI HEHEU",15.474
2013,7,"CARACOL PALO PALO",3.75
2013,7,"CONGRIO COLORADO",0.021
2013,7,"CONGRIO DORADO",0.021
2013,7,"CONGRIO NEGRO",0.021
2013,7,"CULENGUE",0.625
2013,7,"HUEPO O NAVAJA DE MAR",22.5436
2013,7,"JUREL",211.68
2013,7,"LOCO",6.075
2013,7,"MACHA",2.22
2013,7,"NAVAJUELA",5.5306
2013,8,"ABALON JAPONES",10.56
2013,8,"ALBACORA O PEZ ESPADA / IVI HEHEU",236.25728
2013,8,"ALGAS MIXTAS",2165.766
2013,8,"ATUN ALETA LARGA",29.5851
2013,8,"BACALAO DE PROFUNDIDAD",194.00586
2013,8,"CARACOL PALO PALO",23.31319
2013,8,"CARACOL REAL O GIGANTE O VOLUTA ANGULOSA",1.612
2013,8,"CAROLA",2165.766
2013,8,"CENTOLLA",58.3731
2013,8,"CHASCON O HUIRO NEGRO",199.08478
2013,8,"CHICOREA DE MAR",1136.7015
2013,8,"CHOLGA",299.71243
2013,8,"CHORO",299.71243
2013,8,"COCHAYUYO",1589.92692
2013,8,"CORVINA",3.38
2013,8,"CULENGUE",154.445
2013,8,"ERIZO",58.1856
2013,8,"HUEPO O NAVAJA DE MAR",481.57545
2013,8,"HUIRO",1720.885
2013,8,"JAIBA",10.2954
2013,8,"JAIBA LIMON",10.2954
2013,8,"JAIBA MARMOLA",10.2954
2013,8,"JAIBA MORA",10.2954
2013,8,"JAIBA PANCHOTE O CANGREJO",10.2954
2013,8,"JAIBA PELUDA O PACHONA",10.2954
2013,8,"JAIBA REINA",10.2954
2013,8,"JAIBA REMADORA",10.2954
2013,8,"JULIANA O TAWERA",0.2592
2013,8,"JUREL",92838.29878
2013,8,"LANGOSTINO AMARILLO",1.8532
2013,8,"LANGOSTINO COLORADO",58.2964
2013,8,"LOCO",286.37178
2013,8,"MACHA",1.03124
2013,8,"MERLUZA COMUN",3388.58103
2013,8,"MERLUZA DEL ATLANTICO",21.35366
2013,8,"MERLUZA DEL SUR O AUSTRAL",32.28883
2013,8,"NAVAJUELA",447.743
2013,8,"PEJERREY DE MAR",305.5554
2013,8,"PELILLO",859.937
2013,8,"REINETA",275.6861
2013,8,"SALMON REY",3315.244
2013,8,"TRUCHA ARCOIRIS",2585.5288
2013,9,"ALGAS MIXTAS",100.595
2013,9,"CAROLA",100.595
2013,9,"CENTOLLA",11.0985
2013,9,"SALMON REY",146.85
2013,10,"ALBACORA O PEZ ESPADA / IVI HEHEU",247.72802
2013,10,"ALGAS MIXTAS",1522.758
2013,10,"ALMEJA",255.2686
2013,10,"ALMEJA O TACA",255.2686
2013,10,"BACALAO ANTARTICO",9.6311
2013,10,"BACALAO DE PROFUNDIDAD",343.87083
2013,10,"CABALLA",38.2198
2013,10,"CAMARON NAVAJA",0.035
2013,10,"CARACOL PALO PALO",24.97505
2013,10,"CAROLA",1522.758
2013,10,"CENTOLLA",704.36592
2013,10,"CENTOLLA DEL NORTE",1.034
2013,10,"CENTOLLON",3.00869
2013,10,"CENTOLLON DEL NORTE",78.16354
2013,10,"CHASCON O HUIRO NEGRO",26.5462
2013,10,"CHOLGA",68586.75323
2013,10,"CHORITO",13.692
2013,10,"CHORO",68586.75323
2013,10,"COCHAYUYO",52.033
2013,10,"COJINOBA DEL NORTE / PIAFRI",3.33567
2013,10,"COJINOBA DEL SUR O AZUL",3.33567
2013,10,"COJINOBA MOTEADA",3.33567
2013,10,"CONGRIO COLORADO",21.94008
2013,10,"CONGRIO DORADO",45.67577
2013,10,"CONGRIO NEGRO",21.94008
2013,10,"CULENGUE",133.1313
2013,10,"ERIZO",290.923
2013,10,"HUEPO O NAVAJA DE MAR",301.00339
2013,10,"HUIRO",1032.744
2013,10,"JAIBA",141.37366
2013,10,"JAIBA LIMON",141.37366
2013,10,"JAIBA MARMOLA",141.37366
2013,10,"JAIBA MORA",141.37366
2013,10,"JAIBA PANCHOTE O CANGREJO",141.37366
2013,10,"JAIBA PELUDA O PACHONA",141.37366
2013,10,"JAIBA REINA",141.37366
2013,10,"JAIBA REMADORA",141.37366
2013,10,"JULIANA O TAWERA",230.05047
2013,10,"JUREL",39302.2037
2013,10,"LANGOSTINO AMARILLO",15.927
2013,10,"LANGOSTINO COLORADO",643.16136
2013,10,"LOCO",96.56078
2013,10,"MACHA",86.16199
2013,10,"MERLUZA COMUN",2125.00331
2013,10,"MERLUZA DE COLA",469.63327
2013,10,"MERLUZA DEL ATLANTICO",482.38776
2013,10,"MERLUZA DEL SUR O AUSTRAL",3525.81683
2013,10,"NAVAJUELA",988.25398
2013,10,"OSTION DEL NORTE",5.21861
2013,10,"PEJERREY DE MAR",124.7872
2013,10,"PEPINO DE MAR",35.7194
2013,10,"PULPO DEL NORTE",1.037
2013,10,"REINETA",21.78447
2013,10,"SALMON REY",104069.46608
2013,10,"SARDINA AUSTRAL",2.28732
2013,10,"SARDINA COMUN",2.28732
2013,10,"SARDINA ESPANOLA",24.681
2013,10,"TRUCHA ARCOIRIS",111577.02365
2013,11,"BACALAO DE PROFUNDIDAD",2.16204
2013,11,"BROTULA",13.99398
2013,11,"CENTOLLA",74.98574
2013,11,"COJINOBA DEL NORTE / PIAFRI",158.78507
2013,11,"COJINOBA DEL SUR O AZUL",158.78507
2013,11,"COJINOBA MOTEADA",158.78507
2013,11,"CONGRIO COLORADO",7.4616
2013,11,"CONGRIO DORADO",283.04412
2013,11,"CONGRIO NEGRO",7.4616
2013,11,"JAIBA",79.83214
2013,11,"JAIBA LIMON",79.83214
2013,11,"JAIBA MARMOLA",79.83214
2013,11,"JAIBA MORA",79.83214
2013,11,"JAIBA PANCHOTE O CANGREJO",79.83214
2013,11,"JAIBA PELUDA O PACHONA",79.83214
2013,11,"JAIBA REINA",79.83214
2013,11,"JAIBA REMADORA",79.83214
2013,11,"MERLUZA COMUN",87.85917
2013,11,"MERLUZA DEL ATLANTICO",434.14177
2013,11,"MERLUZA DEL SUR O AUSTRAL",4800.49202
2013,11,"REINETA",94.058
2013,11,"SALMON REY",13895.92935
2013,11,"TRUCHA ARCOIRIS",3381.35966
2013,12,"ALBACORA O PEZ ESPADA / IVI HEHEU",4.30694
2013,12,"BACALAO ANTARTICO",13.83588
2013,12,"BACALAO DE PROFUNDIDAD",1627.62928
2013,12,"BROTULA",229.1811
2013,12,"CENTOLLA",2895.7031
2013,12,"CENTOLLON",467.3396
2013,12,"CENTOLLON DEL NORTE",4.87962
2013,12,"CHOLGA",2.233
2013,12,"CHORO",2.233
2013,12,"COJINOBA DEL NORTE / PIAFRI",1234.57051
2013,12,"COJINOBA DEL SUR O AZUL",1234.57051
2013,12,"COJINOBA MOTEADA",1234.57051
2013,12,"CONGRIO COLORADO",11.69706
2013,12,"CONGRIO DORADO",390.56408
2013,12,"CONGRIO NEGRO",11.69706
2013,12,"DRACO RAYADO",247.10344
2013,12,"ERIZO",81.4356
2013,12,"HUEPO O NAVAJA DE MAR",55.88882
2013,12,"JAIBA",113.9659
2013,12,"JAIBA LIMON",113.9659
2013,12,"JAIBA MARMOLA",113.9659
2013,12,"JAIBA MORA",113.9659
2013,12,"JAIBA PANCHOTE O CANGREJO",113.9659
2013,12,"JAIBA PELUDA O PACHONA",113.9659
2013,12,"JAIBA REINA",113.9659
2013,12,"JAIBA REMADORA",113.9659
2013,12,"MERLUZA COMUN",6.16981
2013,12,"MERLUZA DE TRES ALETAS",2716.882
2013,12,"MERLUZA DEL ATLANTICO",1983.83023
2013,12,"MERLUZA DEL SUR O AUSTRAL",3381.1828
2013,12,"OSTION DEL NORTE",38.47311
2013,12,"OSTION PATAGONICO",38.47311
2013,12,"REINETA",21.84898
2013,12,"SALMON REY",309.67773
2013,12,"TRUCHA ARCOIRIS",2662.57274
2013,13,"ALBACORA O PEZ ESPADA / IVI HEHEU",80.18774
2013,13,"ALGAS MIXTAS",1.024
2013,13,"ALMEJA",64.53132
2013,13,"ALMEJA O TACA",64.53132
2013,13,"ANGUILA",0.195
2013,13,"ATUN ALETA AMARILLA / KAHI AVE AVE",9.56259
2013,13,"ATUN LISTADO,BARRILETE,CACHURRETA/AUHOPU",0.26
2013,13,"BACALAO ANTARTICO",0.06444
2013,13,"BACALAO DE PROFUNDIDAD",28.82493
2013,13,"CAMARON NAILON",52.9025
2013,13,"CAMARON NAVAJA",14.5745
2013,13,"CAROLA",1.024
2013,13,"CENTOLLA",31.5051
2013,13,"CENTOLLON DEL NORTE",11.92865
2013,13,"CHASCON O HUIRO NEGRO",269.666
2013,13,"CHICOREA DE MAR",1.3595
2013,13,"CHOLGA",691.71853
2013,13,"CHORITO",7.4577
2013,13,"CHORO",691.71853
2013,13,"COCHAYUYO",0.5
2013,13,"CONGRIO COLORADO",5.148
2013,13,"CONGRIO NEGRO",5.148
2013,13,"ERIZO",29.461
2013,13,"HUEPO O NAVAJA DE MAR",6.7154
2013,13,"JUREL",121.44
2013,13,"LOCO",3.525
2013,13,"MACHA",13.67406
2013,13,"MERLUZA DEL SUR O AUSTRAL",2.958
2013,13,"NAVAJUELA",40.13394
2013,13,"OSTION DEL NORTE",3.25024
2013,13,"OSTION PATAGONICO",3.25024
2013,13,"PEPINO DE MAR",0.04
2013,13,"SALMON REY",43.4438
2013,13,"TRUCHA ARCOIRIS",46.581
2013,14,"CENTOLLA",11.73319
2013,14,"COCHAYUYO",8.0785
2013,14,"SALMON REY",14.685
2013,14,"TRUCHA ARCOIRIS",446.0987
2013,15,"ANCHOVETA",72.95399
2013,15,"CORVINA",47.947
2013,15,"ERIZO",4.4715
2013,15,"JUREL",23.1
2013,20,"ANCHOVETA",23.14268
2013,20,"BAGRE",52.5
2013,20,"CHOLGA",62
2013,20,"CHORO",62
2013,20,"DORADO DE ALTURA / MAHI MAHI",18.6004
2013,20,"JUREL",43.128
2013,20,"SARDINA AUSTRAL",5.39932
2013,20,"SARDINA COMUN",5.39932
2013,NA,"ABALON JAPONES",0.04
2013,NA,"ALGAS MIXTAS",0.033
2013,NA,"ANGUILA",0.058
2013,NA,"ATUN ALETA LARGA",0.055
2013,NA,"BACALAO DE PROFUNDIDAD",0.012
2013,NA,"BAGRE",0.02
2013,NA,"CAROLA",0.033
2013,NA,"CENTOLLA",0.776
2013,NA,"CENTOLLON",0.031
2013,NA,"CHICOREA DE MAR",0.001
2013,NA,"CHOLGA",0.203
2013,NA,"CHORITO",0.103
2013,NA,"CHORO",0.203
2013,NA,"COCHAYUYO",0.474
2013,NA,"ERIZO",0.015
2013,NA,"GRANADERO GRANDE",0.048
2013,NA,"JAIBA",0.025
2013,NA,"JAIBA LIMON",0.025
2013,NA,"JAIBA MARMOLA",0.025
2013,NA,"JAIBA MORA",0.025
2013,NA,"JAIBA PANCHOTE O CANGREJO",0.025
2013,NA,"JAIBA PELUDA O PACHONA",0.025
2013,NA,"JAIBA REINA",0.025
2013,NA,"JAIBA REMADORA",0.025
2013,NA,"JUREL",0.258
2013,NA,"LANGOSTA DE J.FERNANDEZ",0.02
2013,NA,"MERLUZA COMUN",0.0993
2013,NA,"MERLUZA DEL SUR O AUSTRAL",0.091
2013,NA,"OSTION DEL NORTE",0.04
2013,NA,"PEJERRATA",0.048
2013,NA,"PEJERRATA O GRANADERO ESCAMOSO",0.048
2013,NA,"PEJERREY DE MAR",0.028
2013,NA,"PEPINO DE MAR",0.042
2013,NA,"SALMON REY",0.39
2013,NA,"SARDINA AUSTRAL",0.251
2013,NA,"SARDINA COMUN",0.251
2013,NA,"TRUCHA ARCOIRIS",0.402
2014,0,"ALBACORA O PEZ ESPADA / IVI HEHEU",0.0213
2014,0,"ALGAS MIXTAS",1.48753
2014,0,"ALMEJA",0.003
2014,0,"ALMEJA O TACA",0.003
2014,0,"CAMARON NAILON",0.02
2014,0,"CARACOL LOCATE",0.035
2014,0,"CARACOL PALO PALO",0.05084
2014,0,"CAROLA",1.48753
2014,0,"CENTOLLA",0.07903
2014,0,"CENTOLLON DEL NORTE",0.0259
2014,0,"CHOLGA",0.5955
2014,0,"CHORITO",0.14
2014,0,"CHORO",0.5955
2014,0,"COCHAYUYO",0.03
2014,0,"ERIZO",0.16045
2014,0,"HUEPO O NAVAJA DE MAR",0.01029
2014,0,"HUIRO",0.10021
2014,0,"JAIBA",0.1212
2014,0,"JAIBA LIMON",0.1212
2014,0,"JAIBA MARMOLA",0.1212
2014,0,"JAIBA MORA",0.1212
2014,0,"JAIBA PANCHOTE O CANGREJO",0.1212
2014,0,"JAIBA PELUDA O PACHONA",0.1212
2014,0,"JAIBA REINA",0.1212
2014,0,"JAIBA REMADORA",0.1212
2014,0,"JUREL",0.12692
2014,0,"LANGOSTINO COLORADO",0.04681
2014,0,"LOCO",0.03329
2014,0,"MERLUZA COMUN",0.04811
2014,0,"MERLUZA DE COLA",0.0335
2014,0,"MERLUZA DEL ATLANTICO",0.0335
2014,0,"MERLUZA DEL SUR O AUSTRAL",0.2215
2014,0,"NAVAJUELA",0.007
2014,0,"PEPINO DE MAR",0.105
2014,0,"SALMON REY",0.15027
2014,0,"TRUCHA ARCOIRIS",0.45319
2014,1,"ALGAS MIXTAS",56.04
2014,1,"CAROLA",56.04
2014,1,"CHASCON O HUIRO NEGRO",8261.1214
2014,1,"COCHAYUYO",25.263
2014,1,"ERIZO",15.775
2014,1,"HUIRO",157.045
2014,1,"JUREL",24.8
2014,2,"ALGAS MIXTAS",75.96
2014,2,"CARACOL LOCATE",6.573
2014,2,"CAROLA",75.96
2014,2,"CHASCON O HUIRO NEGRO",5827.542
2014,2,"COCHAYUYO",29.439
2014,2,"HUIRO",213.555
2014,2,"SALMON REY",98.73694
2014,2,"SARDINA ESPANOLA",25.739
2014,3,"ALGAS MIXTAS",50.401
2014,3,"CAROLA",50.401
2014,3,"CHASCON O HUIRO NEGRO",25593.08
2014,3,"CHICOREA DE MAR",25.3
2014,3,"COCHAYUYO",276.256
2014,3,"ERIZO",9.298
2014,3,"HUIRO",391.98
2014,4,"ALBACORA O PEZ ESPADA / IVI HEHEU",941.80848
2014,4,"ALGAS MIXTAS",1657.1625
2014,4,"CABALLA",59.07
2014,4,"CAMARON NAILON",188.07556
2014,4,"CARACOL LOCATE",11.24
2014,4,"CAROLA",1657.1625
2014,4,"CHASCON O HUIRO NEGRO",9966.101
2014,4,"CHICOREA DE MAR",486.32
2014,4,"CHOLGA",4.7553
2014,4,"CHORITO",2.903
2014,4,"CHORO",4.7553
2014,4,"COCHAYUYO",64.19
2014,4,"COJINOBA DEL NORTE / PIAFRI",10.98
2014,4,"COJINOBA DEL SUR O AZUL",10.98
2014,4,"COJINOBA MOTEADA",10.98
2014,4,"HUIRO",312.88
2014,4,"JAIBA",2.22684
2014,4,"JAIBA LIMON",2.22684
2014,4,"JAIBA MARMOLA",2.22684
2014,4,"JAIBA MORA",2.22684
2014,4,"JAIBA PANCHOTE O CANGREJO",2.22684
2014,4,"JAIBA PELUDA O PACHONA",2.22684
2014,4,"JAIBA REINA",2.22684
2014,4,"JAIBA REMADORA",2.22684
2014,4,"JUREL",971.75408
2014,4,"LANGOSTA DE J.FERNANDEZ",10.789
2014,4,"LANGOSTINO AMARILLO",122.08365
2014,4,"LANGOSTINO COLORADO",113.74566
2014,4,"MACHA",0.22
2014,4,"NAVAJUELA",9.072
2014,4,"OSTION DEL NORTE",111.6724
2014,4,"OSTRA DEL PACIFICO",3.659
2014,4,"PELILLO",114.161
2014,4,"PULPO DEL SUR",1.508
2014,4,"REINETA",160.23762
2014,4,"TRUCHA ARCOIRIS",24.525
2014,5,"ALBACORA O PEZ ESPADA / IVI HEHEU",67.47482
2014,5,"ALGAS MIXTAS",4.656
2014,5,"ANGUILA",1.236
2014,5,"ATUN ALETA LARGA",19.812
2014,5,"BACALAO DE PROFUNDIDAD",50.774
2014,5,"CAMARON NAILON",247.125
2014,5,"CAROLA",4.656
2014,5,"CENTOLLA",272.06191
2014,5,"CENTOLLON",2.81314
2014,5,"CHASCA",12.0672
2014,5,"CHASCON O HUIRO NEGRO",8467.8605
2014,5,"CHOLGA",245.17284
2014,5,"CHORO",245.17284
2014,5,"COCHAYUYO",18.91
2014,5,"CONGRIO COLORADO",3.226
2014,5,"CONGRIO NEGRO",3.226
2014,5,"ERIZO",0.435
2014,5,"HUIRO",290.37
2014,5,"JAIBA",84.48924
2014,5,"JAIBA LIMON",84.48924
2014,5,"JAIBA MARMOLA",84.48924
2014,5,"JAIBA MORA",84.48924
2014,5,"JAIBA PANCHOTE O CANGREJO",84.48924
2014,5,"JAIBA PELUDA O PACHONA",84.48924
2014,5,"JAIBA REINA",84.48924
2014,5,"JAIBA REMADORA",84.48924
2014,5,"LANGOSTA DE J.FERNANDEZ",0.142
2014,5,"LANGOSTINO AMARILLO",0.1575
2014,5,"LANGOSTINO COLORADO",2.2825
2014,5,"LOCO",7.972
2014,5,"MERLUZA COMUN",9.362
2014,5,"MERLUZA DE TRES ALETAS",6.84
2014,5,"MERLUZA DEL SUR O AUSTRAL",8.841
2014,5,"SALMON REY",0.107
2014,6,"ALGAS MIXTAS",289.652
2014,6,"CAROLA",289.652
2014,6,"CHASCA",61.697
2014,6,"CHASCON O HUIRO NEGRO",26.052
2014,6,"COCHAYUYO",296.84078
2014,6,"HUIRO",396.035
2014,6,"SALMON REY",317.69194
2014,7,"ALBACORA O PEZ ESPADA / IVI HEHEU",1.12
2014,7,"CHOLGA",8.7395
2014,7,"CHORO",8.7395
2014,8,"ABALON JAPONES",2.3232
2014,8,"ALBACORA O PEZ ESPADA / IVI HEHEU",180.23199
2014,8,"ALGAS MIXTAS",2414.566
2014,8,"ALMEJA",19.715
2014,8,"ALMEJA O TACA",19.715
2014,8,"BACALAO DE PROFUNDIDAD",147.04447
2014,8,"CABALLA",115.018
2014,8,"CARACOL PALO PALO",35.2134
2014,8,"CARACOL REAL O GIGANTE O VOLUTA ANGULOSA",0.048
2014,8,"CAROLA",2414.566
2014,8,"CENTOLLA",15.05852
2014,8,"CHASCA",2.016
2014,8,"CHASCON O HUIRO NEGRO",327.4242
2014,8,"CHICOREA DE MAR",1519.53567
2014,8,"CHOLGA",500.36038
2014,8,"CHORO",500.36038
2014,8,"COCHAYUYO",1659.74343
2014,8,"COJINOBA DEL NORTE / PIAFRI",85.64933
2014,8,"COJINOBA DEL SUR O AZUL",85.64933
2014,8,"COJINOBA MOTEADA",85.64933
2014,8,"CULENGUE",215.8568
2014,8,"ERIZO",8.56
2014,8,"HUEPO O NAVAJA DE MAR",482.66713
2014,8,"HUIRO",1968.6854
2014,8,"JAIBA",14.488
2014,8,"JAIBA LIMON",14.488
2014,8,"JAIBA MARMOLA",14.488
2014,8,"JAIBA MORA",14.488
2014,8,"JAIBA PANCHOTE O CANGREJO",14.488
2014,8,"JAIBA PELUDA O PACHONA",14.488
2014,8,"JAIBA REINA",14.488
2014,8,"JAIBA REMADORA",14.488
2014,8,"JUREL",100974.55191
2014,8,"LANGOSTINO AMARILLO",44.4247
2014,8,"LANGOSTINO COLORADO",427.7791
2014,8,"LOCO",311.3003
2014,8,"MACHA",2.29894
2014,8,"MERLUZA COMUN",1678.10294
2014,8,"MERLUZA DEL ATLANTICO",139.12394
2014,8,"MERLUZA DEL SUR O AUSTRAL",100.74077
2014,8,"NAVAJUELA",488.24606
2014,8,"PEJERREY DE MAR",161.809
2014,8,"PELILLO",413.981
2014,8,"REINETA",1682.48125
2014,8,"SALMON REY",852.3788
2014,8,"SARDINA ESPANOLA",1.052
2014,8,"TRUCHA ARCOIRIS",92.731
2014,9,"CENTOLLA",17.839
2014,9,"SALMON REY",47.50394
2014,10,"ALBACORA O PEZ ESPADA / IVI HEHEU",550.50895
2014,10,"ALGAS MIXTAS",1082.86
2014,10,"ALMEJA",278.41721
2014,10,"ALMEJA O TACA",278.41721
2014,10,"ATUN LISTADO,BARRILETE,CACHURRETA/AUHOPU",1.70449
2014,10,"BACALAO ANTARTICO",7.57357
2014,10,"BACALAO DE PROFUNDIDAD",171.03117
2014,10,"CABALLA",41.8
2014,10,"CAMARON NAILON",39.576
2014,10,"CARACOL LOCATE",7.035
2014,10,"CARACOL PALO PALO",24.62238
2014,10,"CAROLA",1082.86
2014,10,"CENTOLLA",822.32133
2014,10,"CENTOLLA DEL NORTE",0.424
2014,10,"CENTOLLON",18.4173
2014,10,"CHASCON O HUIRO NEGRO",50.6
2014,10,"CHICOREA DE MAR",5.927
2014,10,"CHOLGA",67168.00672
2014,10,"CHORITO",42.652
2014,10,"CHORO",67168.00672
2014,10,"COCHAYUYO",73.9862
2014,10,"CONGRIO COLORADO",20.19133
2014,10,"CONGRIO DORADO",50.13172
2014,10,"CONGRIO NEGRO",20.19133
2014,10,"CULENGUE",159.4739
2014,10,"ERIZO",255.42114
2014,10,"GRANADERO GRANDE",2.04
2014,10,"HUEPO O NAVAJA DE MAR",354.41745
2014,10,"HUIRO",1345.992
2014,10,"JAIBA",178.04965
2014,10,"JAIBA LIMON",178.04965
2014,10,"JAIBA MARMOLA",178.04965
2014,10,"JAIBA MORA",178.04965
2014,10,"JAIBA PANCHOTE O CANGREJO",178.04965
2014,10,"JAIBA PELUDA O PACHONA",178.04965
2014,10,"JAIBA REINA",178.04965
2014,10,"JAIBA REMADORA",178.04965
2014,10,"JULIANA O TAWERA",212.58816
2014,10,"JUREL",30560.2
2014,10,"LANGOSTINO AMARILLO",61.62139
2014,10,"LANGOSTINO COLORADO",625.15401
2014,10,"LOCO",154.9508
2014,10,"MACHA",94.83927
2014,10,"MERLUZA COMUN",467.10149
2014,10,"MERLUZA DE COLA",209.77642
2014,10,"MERLUZA DEL ATLANTICO",237.86164
2014,10,"MERLUZA DEL SUR O AUSTRAL",3952.29749
2014,10,"NAVAJUELA",1202.75482
2014,10,"OSTION DEL NORTE",6.119
2014,10,"PEJERRATA",2.04
2014,10,"PEJERRATA O GRANADERO ESCAMOSO",2.04
2014,10,"PEJERREY DE MAR",380.45168
2014,10,"PEPINO DE MAR",7.0726
2014,10,"PULPO DEL NORTE",1.279
2014,10,"PULPO DEL SUR",20.3509
2014,10,"REINETA",174.265
2014,10,"SALMON REY",111993.03604
2014,10,"SARDINA AUSTRAL",2.334
2014,10,"SARDINA COMUN",2.334
2014,10,"TRUCHA ARCOIRIS",76790.6844
2014,11,"ALBACORA O PEZ ESPADA / IVI HEHEU",17.24563
2014,11,"BACALAO DE PROFUNDIDAD",34.59773
2014,11,"BROTULA",24.37651
2014,11,"CENTOLLA",127.61223
2014,11,"COJINOBA DEL NORTE / PIAFRI",513.86441
2014,11,"COJINOBA DEL SUR O AZUL",513.86441
2014,11,"COJINOBA MOTEADA",513.86441
2014,11,"CONGRIO COLORADO",1.0708
2014,11,"CONGRIO DORADO",70.39244
2014,11,"CONGRIO NEGRO",1.0708
2014,11,"JAIBA",49.95875
2014,11,"JAIBA LIMON",49.95875
2014,11,"JAIBA MARMOLA",49.95875
2014,11,"JAIBA MORA",49.95875
2014,11,"JAIBA PANCHOTE O CANGREJO",49.95875
2014,11,"JAIBA PELUDA O PACHONA",49.95875
2014,11,"JAIBA REINA",49.95875
2014,11,"JAIBA REMADORA",49.95875
2014,11,"MERLUZA COMUN",259.54297
2014,11,"MERLUZA DEL ATLANTICO",95.18641
2014,11,"MERLUZA DEL SUR O AUSTRAL",2189.01656
2014,11,"REINETA",58.24258
2014,11,"SALMON REY",3486.62829
2014,11,"TRUCHA ARCOIRIS",3903.28055
2014,12,"ALBACORA O PEZ ESPADA / IVI HEHEU",43.80723
2014,12,"ALGAS MIXTAS",68.774
2014,12,"ALMEJA",1.65
2014,12,"ALMEJA O TACA",1.65
2014,12,"ANGUILA",3.45
2014,12,"BACALAO ANTARTICO",21.05142
2014,12,"BACALAO DE PROFUNDIDAD",1281.7468
2014,12,"BROTULA",197.19827
2014,12,"CAROLA",68.774
2014,12,"CENTOLLA",3373.09893
2014,12,"CENTOLLON",344.92467
2014,12,"CENTOLLON DEL NORTE",8.8978
2014,12,"CHORITO",17.884
2014,12,"COJINOBA DEL NORTE / PIAFRI",1850.6575
2014,12,"COJINOBA DEL SUR O AZUL",1850.6575
2014,12,"COJINOBA MOTEADA",1850.6575
2014,12,"CONGRIO COLORADO",8.3728
2014,12,"CONGRIO DORADO",175.39916
2014,12,"CONGRIO NEGRO",8.3728
2014,12,"ERIZO",62.06809
2014,12,"HUEPO O NAVAJA DE MAR",9.10333
2014,12,"JAIBA",90.33784
2014,12,"JAIBA LIMON",90.33784
2014,12,"JAIBA MARMOLA",90.33784
2014,12,"JAIBA MORA",90.33784
2014,12,"JAIBA PANCHOTE O CANGREJO",90.33784
2014,12,"JAIBA PELUDA O PACHONA",90.33784
2014,12,"JAIBA REINA",90.33784
2014,12,"JAIBA REMADORA",90.33784
2014,12,"LOCO",0.848
2014,12,"MERLUZA COMUN",5.82239
2014,12,"MERLUZA DE TRES ALETAS",1390.193
2014,12,"MERLUZA DEL ATLANTICO",1252.74445
2014,12,"MERLUZA DEL SUR O AUSTRAL",2149.20329
2014,12,"PEPINO DE MAR",2.332
2014,12,"REINETA",14.6
2014,12,"SALMON REY",622.35273
2014,12,"TRUCHA ARCOIRIS",135.75776
2014,13,"ALBACORA O PEZ ESPADA / IVI HEHEU",67.06947
2014,13,"ALGAS MIXTAS",1.419
2014,13,"ATUN LISTADO,BARRILETE,CACHURRETA/AUHOPU",0.5044
2014,13,"BACALAO DE PROFUNDIDAD",0.1
2014,13,"CAMARON NAILON",10.8
2014,13,"CAROLA",1.419
2014,13,"CENTOLLA",189.03696
2014,13,"CENTOLLA DEL NORTE",0.465
2014,13,"CENTOLLON DEL NORTE",24.50944
2014,13,"CHASCA",24.1344
2014,13,"CHASCON O HUIRO NEGRO",122.184
2014,13,"CHICOREA DE MAR",1.042
2014,13,"CHOLGA",284.63527
2014,13,"CHORITO",8.9225
2014,13,"CHORO",284.63527
2014,13,"COCHAYUYO",0.58
2014,13,"CONGRIO COLORADO",4.278
2014,13,"CONGRIO NEGRO",4.278
2014,13,"ERIZO",9.6538
2014,13,"HUIRO",22.371
2014,13,"PEJERREY DE MAR",21.186
2014,13,"PELILLO",33.146
2014,13,"SALMON REY",3.84916
2014,13,"TRUCHA ARCOIRIS",48.40796
2014,14,"ALMEJA",5.796
2014,14,"ALMEJA O TACA",5.796
2014,14,"CENTOLLA",5.85205
2014,14,"CHOLGA",627.50246
2014,14,"CHORO",627.50246
2014,14,"CONGRIO DORADO",1.51447
2014,14,"MERLUZA DEL SUR O AUSTRAL",106.42831
2014,14,"REINETA",0.338
2014,14,"SALMON REY",47.54
2014,14,"TRUCHA ARCOIRIS",22.91288
2014,15,"ALBACORA O PEZ ESPADA / IVI HEHEU",17.37487
2014,15,"ANCHOVETA",42.05268
2014,15,"ATUN ALETA LARGA",81.32948
2014,15,"CENTOLLA",6.81472
2014,15,"CHOLGA",5.25
2014,15,"CHORO",5.25
2014,15,"COJINOBA DEL NORTE / PIAFRI",114.1081
2014,15,"COJINOBA DEL SUR O AZUL",114.1081
2014,15,"COJINOBA MOTEADA",114.1081
2014,15,"CONGRIO COLORADO",1.32196
2014,15,"CONGRIO DORADO",23.00709
2014,15,"CONGRIO NEGRO",1.32196
2014,15,"CORVINA",2.52
2014,15,"ERIZO",0.717
2014,15,"JAIBA",18.67948
2014,15,"JAIBA LIMON",18.67948
2014,15,"JAIBA MARMOLA",18.67948
2014,15,"JAIBA MORA",18.67948
2014,15,"JAIBA PANCHOTE O CANGREJO",18.67948
2014,15,"JAIBA PELUDA O PACHONA",18.67948
2014,15,"JAIBA REINA",18.67948
2014,15,"JAIBA REMADORA",18.67948
2014,15,"JUREL",133.532
2014,15,"MERLUZA COMUN",0.667
2014,15,"MERLUZA DEL ATLANTICO",28.16856
2014,15,"MERLUZA DEL SUR O AUSTRAL",221.68033
2014,15,"NAVAJUELA",10.0224
2014,15,"REINETA",619.39183
2014,15,"TRUCHA ARCOIRIS",1360.06447
2014,20,"ANCHOVETA",18.83608
2014,20,"ANGUILA",18.8495
2014,20,"BACALAO ANTARTICO",5.70744
2014,20,"MERLUZA COMUN",69.006
2014,NA,"ALBACORA O PEZ ESPADA / IVI HEHEU",0.19
2014,NA,"ALGAS MIXTAS",0.152
2014,NA,"ATUN ALETA LARGA",0.227
2014,NA,"BACALAO ANTARTICO",0.036
2014,NA,"CAROLA",0.152
2014,NA,"CENTOLLA",0.4866
2014,NA,"CHOLGA",0.366
2014,NA,"CHORITO",0.411
2014,NA,"CHORO",0.366
2014,NA,"ERIZO",0.1575
2014,NA,"GRANADERO GRANDE",0.062
2014,NA,"HUEPO O NAVAJA DE MAR",0.014
2014,NA,"HUIRO",0.015
2014,NA,"JAIBA",0.355
2014,NA,"JAIBA LIMON",0.355
2014,NA,"JAIBA MARMOLA",0.355
2014,NA,"JAIBA MORA",0.355
2014,NA,"JAIBA PANCHOTE O CANGREJO",0.355
2014,NA,"JAIBA PELUDA O PACHONA",0.355
2014,NA,"JAIBA REINA",0.355
2014,NA,"JAIBA REMADORA",0.355
2014,NA,"JUREL",0.361
2014,NA,"LOCO",0.012
2014,NA,"MERLUZA COMUN",0.112
2014,NA,"MERLUZA DEL SUR O AUSTRAL",0.427
2014,NA,"OSTION DEL NORTE",0.01
2014,NA,"PEJERRATA",0.062
2014,NA,"PEJERRATA O GRANADERO ESCAMOSO",0.062
2014,NA,"PEPINO DE MAR",0.052
2014,NA,"PULPO DEL SUR",0.025
2014,NA,"SALMON REY",0.491
2014,NA,"TRUCHA ARCOIRIS",0.28
2015,0,"ALBACORA O PEZ ESPADA / IVI HEHEU",0.01
2015,0,"ALGAS MIXTAS",0.01472
2015,0,"ATUN LISTADO,BARRILETE,CACHURRETA/AUHOPU",0.38203
2015,0,"BACALAO DE PROFUNDIDAD",12.38512
2015,0,"BAGRE",26.4
2015,0,"BROTULA",0.05677
2015,0,"CALAMAR ILLEX O POTA DEL ATLANTICO",2.90253
2015,0,"CAMARON ECUATORIANO O PENAEUE",0.86385
2015,0,"CAMARON NAILON",0.098
2015,0,"CARACOL PALO PALO",0.01108
2015,0,"CAROLA",0.01472
2015,0,"CENTOLLA",0.15884
2015,0,"CENTOLLON",0.048
2015,0,"CHASCON O HUIRO NEGRO",0.0042
2015,0,"CHOLGA",1.31214
2015,0,"CHORITO",0.093
2015,0,"CHORO",1.31214
2015,0,"COJINOBA DEL NORTE / PIAFRI",0.025
2015,0,"COJINOBA DEL SUR O AZUL",0.025
2015,0,"COJINOBA MOTEADA",0.025
2015,0,"CORVINA",0.015
2015,0,"CULENGUE",0.00624
2015,0,"ERIZO",0.05324
2015,0,"HUEPO O NAVAJA DE MAR",0.01864
2015,0,"HUIRO",0.00273
2015,0,"JAIBA",0.06079
2015,0,"JAIBA LIMON",0.06079
2015,0,"JAIBA MARMOLA",0.06079
2015,0,"JAIBA MORA",0.06079
2015,0,"JAIBA PANCHOTE O CANGREJO",0.06079
2015,0,"JAIBA PELUDA O PACHONA",0.06079
2015,0,"JAIBA REINA",0.06079
2015,0,"JAIBA REMADORA",0.06079
2015,0,"LANGOSTINO COLORADO",0.036
2015,0,"LOCO",21.89999
2015,0,"MERLUZA COMUN",0.14324
2015,0,"MERLUZA DE COLA",0.12724
2015,0,"MERLUZA DEL ATLANTICO",0.12724
2015,0,"MERLUZA DEL SUR O AUSTRAL",0.26324
2015,0,"NAVAJUELA",0.01237
2015,0,"PEJERREY DE MAR",0.053
2015,0,"PEPINO DE MAR",0.258
2015,0,"POTA DEL PACIFICO",2.90253
2015,0,"SALMON REY",0.6139
2015,0,"TRUCHA ARCOIRIS",1.171
2015,1,"ALGAS MIXTAS",52.1
2015,1,"CARACOL LOCATE",24
2015,1,"CAROLA",52.1
2015,1,"CHASCON O HUIRO NEGRO",5613.953
2015,1,"CHICOREA DE MAR",23.701
2015,1,"ERIZO",32.177
2015,1,"HUIRO",126.6
2015,2,"ALGAS MIXTAS",96.882
2015,2,"ATUN LISTADO,BARRILETE,CACHURRETA/AUHOPU",23.575
2015,2,"CARACOL LOCATE",45.021
2015,2,"CAROLA",96.882
2015,2,"CHASCON O HUIRO NEGRO",12097.535
2015,2,"COCHAYUYO",40.3
2015,2,"ERIZO",0.49
2015,2,"HUIRO",406.004
2015,2,"SARDINA ESPANOLA",39.667
2015,3,"ABALON JAPONES",0.2904
2015,3,"ALBACORA O PEZ ESPADA / IVI HEHEU",61.725
2015,3,"CHASCON O HUIRO NEGRO",22324.347
2015,3,"CHOLGA",25.812
2015,3,"CHORO",25.812
2015,3,"COCHAYUYO",147.132
2015,3,"CULENGUE",0.0252
2015,3,"ERIZO",13.018
2015,3,"HUEPO O NAVAJA DE MAR",0.0252
2015,3,"HUIRO",599.55
2015,3,"LOCO",0.0252
2015,3,"NAVAJUELA",0.0252
2015,4,"ALBACORA O PEZ ESPADA / IVI HEHEU",920.12117
2015,4,"ALGAS MIXTAS",1113.929
2015,4,"CABALLA",54.10162
2015,4,"CAMARON NAILON",114.68594
2015,4,"CARACOL LOCATE",18.183
2015,4,"CAROLA",1113.929
2015,4,"CENTOLLA",0.059
2015,4,"CHASCA",63.637
2015,4,"CHASCON O HUIRO NEGRO",12909.705
2015,4,"CHICOREA DE MAR",99.1
2015,4,"CHORITO",55.696
2015,4,"COCHAYUYO",193.74393
2015,4,"HUIRO",1383.989
2015,4,"JAIBA",5.6483
2015,4,"JAIBA LIMON",5.6483
2015,4,"JAIBA MARMOLA",5.6483
2015,4,"JAIBA MORA",5.6483
2015,4,"JAIBA PANCHOTE O CANGREJO",5.6483
2015,4,"JAIBA PELUDA O PACHONA",5.6483
2015,4,"JAIBA REINA",5.6483
2015,4,"JAIBA REMADORA",5.6483
2015,4,"JUREL",474.71127
2015,4,"LANGOSTA DE J.FERNANDEZ",4.012
2015,4,"LANGOSTINO AMARILLO",7.3494
2015,4,"LANGOSTINO COLORADO",1.6896
2015,4,"NAVAJUELA",1.1
2015,4,"OSTION DEL NORTE",73.068
2015,4,"OSTRA DEL PACIFICO",5.084
2015,4,"PELILLO",127.957
2015,4,"REINETA",21.35
2015,5,"ALBACORA O PEZ ESPADA / IVI HEHEU",481.7522
2015,5,"ALGAS MIXTAS",184.901
2015,5,"BACALAO DE PROFUNDIDAD",66.68
2015,5,"CAMARON NAILON",234.91294
2015,5,"CAROLA",184.901
2015,5,"CENTOLLA",547.82365
2015,5,"CENTOLLON",4.70908
2015,5,"CHASCA",24.1344
2015,5,"CHASCON O HUIRO NEGRO",209.253
2015,5,"CHOLGA",143.498
2015,5,"CHORO",143.498
2015,5,"COCHAYUYO",22.044
2015,5,"CONGRIO COLORADO",2.365
2015,5,"CONGRIO NEGRO",2.365
2015,5,"JAIBA",59.946
2015,5,"JAIBA LIMON",59.946
2015,5,"JAIBA MARMOLA",59.946
2015,5,"JAIBA MORA",59.946
2015,5,"JAIBA PANCHOTE O CANGREJO",59.946
2015,5,"JAIBA PELUDA O PACHONA",59.946
2015,5,"JAIBA REINA",59.946
2015,5,"JAIBA REMADORA",59.946
2015,5,"JUREL",5.495
2015,5,"LOCO",26.086
2015,5,"MERLUZA COMUN",24.965
2015,5,"MERLUZA DEL SUR O AUSTRAL",32.977
2015,5,"PEJERREY DE MAR",4.972
2015,5,"PELILLO",101.0494
2015,5,"REINETA",1.1
2015,6,"ALGAS MIXTAS",97.958
2015,6,"CAROLA",97.958
2015,6,"CHASCON O HUIRO NEGRO",47.514
2015,6,"CHICOREA DE MAR",7.739
2015,6,"COCHAYUYO",113.3895
2015,6,"HUIRO",61.81
2015,6,"JUREL",23.1
2015,6,"PELILLO",10.429
2015,6,"SALMON REY",267.72968
2015,6,"TRUCHA ARCOIRIS",227.1434
2015,7,"COCHAYUYO",7.2174
2015,7,"REINETA",21.3575
2015,7,"SALMON REY",24.5824
2015,8,"ABALON JAPONES",15.8582
2015,8,"ALBACORA O PEZ ESPADA / IVI HEHEU",304.06633
2015,8,"ALGAS MIXTAS",2646.887
2015,8,"ATUN ALETA LARGA",17.7989
2015,8,"BACALAO DE PROFUNDIDAD",55.76321
2015,8,"CABALLA",141.686
2015,8,"CARACOL PALO PALO",17.92373
2015,8,"CAROLA",2646.887
2015,8,"CENTOLLA",232.49012
2015,8,"CHASCA",2.1
2015,8,"CHASCON O HUIRO NEGRO",26.625
2015,8,"CHICOREA DE MAR",929.4235
2015,8,"CHOLGA",433.69552
2015,8,"CHORO",433.69552
2015,8,"COCHAYUYO",1896.70768
2015,8,"COJINOBA DEL NORTE / PIAFRI",52.48441
2015,8,"COJINOBA DEL SUR O AZUL",52.48441
2015,8,"COJINOBA MOTEADA",52.48441
2015,8,"CULENGUE",200.4106
2015,8,"ERIZO",58.2757
2015,8,"HUEPO O NAVAJA DE MAR",713.80924
2015,8,"HUIRO",411.9533
2015,8,"JUREL",59591.75082
2015,8,"LANGOSTINO AMARILLO",124.69551
2015,8,"LANGOSTINO COLORADO",649.96618
2015,8,"LOCO",150.54385
2015,8,"MERLUZA COMUN",1962.61665
2015,8,"MERLUZA DEL ATLANTICO",43.5
2015,8,"MERLUZA DEL SUR O AUSTRAL",0.424
2015,8,"NAVAJUELA",467.68337
2015,8,"PEJERREY DE MAR",235.3995
2015,8,"PELILLO",367.206
2015,8,"PEPINO DE MAR",7.863
2015,8,"REINETA",1555.59709
2015,8,"SALMON REY",53.74071
2015,8,"TRUCHA ARCOIRIS",4.1556
2015,9,"CENTOLLA",1.64621
2015,9,"JUREL",234.38
2015,9,"TRUCHA ARCOIRIS",2.996
2015,10,"ALBACORA O PEZ ESPADA / IVI HEHEU",219.66586
2015,10,"ALGAS MIXTAS",1503.908
2015,10,"ALMEJA",382.13423
2015,10,"ALMEJA O TACA",382.13423
2015,10,"ATUN ALETA LARGA",8.4652
2015,10,"ATUN LISTADO,BARRILETE,CACHURRETA/AUHOPU",5.0476
2015,10,"BACALAO ANTARTICO",0.6799
2015,10,"BACALAO DE PROFUNDIDAD",14.92778
2015,10,"BROTULA",0.941
2015,10,"CABALLA",296.714
2015,10,"CARACOL PALO PALO",8.10945
2015,10,"CAROLA",1503.908
2015,10,"CENTOLLA",374.44201
2015,10,"CENTOLLA DEL NORTE",9.63015
2015,10,"CHASCON O HUIRO NEGRO",25.001
2015,10,"CHICOREA DE MAR",48.929
2015,10,"CHOLGA",74237.28247
2015,10,"CHORITO",132.05856
2015,10,"CHORO",74237.28247
2015,10,"COCHAYUYO",53.07
2015,10,"COJINOBA DEL NORTE / PIAFRI",24.37574
2015,10,"COJINOBA DEL SUR O AZUL",24.37574
2015,10,"COJINOBA MOTEADA",24.37574
2015,10,"CONGRIO COLORADO",5.374
2015,10,"CONGRIO DORADO",87.16808
2015,10,"CONGRIO NEGRO",5.374
2015,10,"CULENGUE",141.4565
2015,10,"ERIZO",323.41312
2015,10,"HUEPO O NAVAJA DE MAR",389.39284
2015,10,"HUIRO",1424.805
2015,10,"JAIBA",139.88049
2015,10,"JAIBA LIMON",139.88049
2015,10,"JAIBA MARMOLA",139.88049
2015,10,"JAIBA MORA",139.88049
2015,10,"JAIBA PANCHOTE O CANGREJO",139.88049
2015,10,"JAIBA PELUDA O PACHONA",139.88049
2015,10,"JAIBA REINA",139.88049
2015,10,"JAIBA REMADORA",139.88049
2015,10,"JULIANA O TAWERA",113.78293
2015,10,"JUREL",25319.468
2015,10,"LANGOSTINO AMARILLO",23.30533
2015,10,"LANGOSTINO COLORADO",248.26861
2015,10,"LOCO",132.2875
2015,10,"MACHA",28.9857
2015,10,"MERLUZA COMUN",108.66283
2015,10,"MERLUZA DE COLA",25.46552
2015,10,"MERLUZA DEL ATLANTICO",36.21862
2015,10,"MERLUZA DEL SUR O AUSTRAL",4333.44328
2015,10,"NAVAJUELA",1066.90281
2015,10,"OSTION DEL NORTE",0.0364
2015,10,"OSTION PATAGONICO",0.0364
2015,10,"PEJERREY DE MAR",189.5912
2015,10,"PELILLO",85.358
2015,10,"PEPINO DE MAR",0.511
2015,10,"REINETA",137.43884
2015,10,"SALMON REY",129092.9693
2015,10,"SARDINA AUSTRAL",0.389
2015,10,"SARDINA COMUN",0.389
2015,10,"SARDINA ESPANOLA",24.675
2015,10,"TRUCHA ARCOIRIS",64911.40935
2015,11,"BACALAO DE PROFUNDIDAD",21.0225
2015,11,"BROTULA",5.7775
2015,11,"CENTOLLA",88.03211
2015,11,"CHOLGA",27.92168
2015,11,"CHORO",27.92168
2015,11,"COJINOBA DEL NORTE / PIAFRI",823.7975
2015,11,"COJINOBA DEL SUR O AZUL",823.7975
2015,11,"COJINOBA MOTEADA",823.7975
2015,11,"CONGRIO COLORADO",4.01577
2015,11,"CONGRIO DORADO",106.04777
2015,11,"CONGRIO NEGRO",4.01577
2015,11,"JAIBA",52.86806
2015,11,"JAIBA LIMON",52.86806
2015,11,"JAIBA MARMOLA",52.86806
2015,11,"JAIBA MORA",52.86806
2015,11,"JAIBA PANCHOTE O CANGREJO",52.86806
2015,11,"JAIBA PELUDA O PACHONA",52.86806
2015,11,"JAIBA REINA",52.86806
2015,11,"JAIBA REMADORA",52.86806
2015,11,"MERLUZA COMUN",7.07107
2015,11,"MERLUZA DEL ATLANTICO",197.12058
2015,11,"MERLUZA DEL SUR O AUSTRAL",2873.88266
2015,11,"REINETA",27.92091
2015,11,"SALMON REY",49.58
2015,11,"TRUCHA ARCOIRIS",4462.37468
2015,12,"ALBACORA O PEZ ESPADA / IVI HEHEU",11.00008
2015,12,"BACALAO ANTARTICO",15.42017
2015,12,"BACALAO DE PROFUNDIDAD",1013.31528
2015,12,"BROTULA",409.626
2015,12,"CENTOLLA",2504.23306
2015,12,"CENTOLLON",307.75764
2015,12,"CENTOLLON DEL NORTE",1.7174
2015,12,"CHORITO",31.064
2015,12,"COJINOBA DEL NORTE / PIAFRI",1556.64255
2015,12,"COJINOBA DEL SUR O AZUL",1556.64255
2015,12,"COJINOBA MOTEADA",1556.64255
2015,12,"CONGRIO COLORADO",3.9746
2015,12,"CONGRIO DORADO",145.62637
2015,12,"CONGRIO NEGRO",3.9746
2015,12,"DRACO RAYADO",27.06217
2015,12,"ERIZO",79.908
2015,12,"HUEPO O NAVAJA DE MAR",31.482
2015,12,"JAIBA",107.2271
2015,12,"JAIBA LIMON",107.2271
2015,12,"JAIBA MARMOLA",107.2271
2015,12,"JAIBA MORA",107.2271
2015,12,"JAIBA PANCHOTE O CANGREJO",107.2271
2015,12,"JAIBA PELUDA O PACHONA",107.2271
2015,12,"JAIBA REINA",107.2271
2015,12,"JAIBA REMADORA",107.2271
2015,12,"LOCO",6.21
2015,12,"MERLUZA COMUN",10.15807
2015,12,"MERLUZA DE TRES ALETAS",1602.522
2015,12,"MERLUZA DEL ATLANTICO",700.548
2015,12,"MERLUZA DEL SUR O AUSTRAL",2251.21637
2015,12,"REINETA",50.35
2015,12,"SALMON REY",157.58561
2015,12,"TRUCHA ARCOIRIS",587.58059
2015,13,"ALBACORA O PEZ ESPADA / IVI HEHEU",99.42178
2015,13,"ALGAS MIXTAS",124.291
2015,13,"CAMARON NAILON",88.3116
2015,13,"CAROLA",124.291
2015,13,"CENTOLLA",424.25727
2015,13,"CHASCON O HUIRO NEGRO",534.8738
2015,13,"CHOLGA",75.158
2015,13,"CHORO",75.158
2015,13,"COCHAYUYO",0.3
2015,13,"CONGRIO COLORADO",4.5
2015,13,"CONGRIO NEGRO",4.5
2015,13,"ERIZO",63.1772
2015,13,"HUIRO",8.495
2015,13,"JAIBA",7.698
2015,13,"JAIBA LIMON",7.698
2015,13,"JAIBA MARMOLA",7.698
2015,13,"JAIBA MORA",7.698
2015,13,"JAIBA PANCHOTE O CANGREJO",7.698
2015,13,"JAIBA PELUDA O PACHONA",7.698
2015,13,"JAIBA REINA",7.698
2015,13,"JAIBA REMADORA",7.698
2015,13,"JUREL",285.28
2015,13,"LANGOSTINO AMARILLO",156.81956
2015,13,"LANGOSTINO COLORADO",41.35946
2015,13,"LOCO",0.163
2015,13,"MERLUZA DEL SUR O AUSTRAL",26.0345
2015,13,"OSTRA CHILENA",0.254
2015,13,"PEJERREY DE MAR",76.816
2015,13,"PEPINO DE MAR",1.71
2015,13,"TRUCHA ARCOIRIS",42.6266
2015,14,"CENTOLLA",134.13181
2015,14,"CHOLGA",39.85
2015,14,"CHORO",39.85
2015,14,"COCHAYUYO",14.56
2015,14,"JAIBA",1.544
2015,14,"JAIBA LIMON",1.544
2015,14,"JAIBA MARMOLA",1.544
2015,14,"JAIBA MORA",1.544
2015,14,"JAIBA PANCHOTE O CANGREJO",1.544
2015,14,"JAIBA PELUDA O PACHONA",1.544
2015,14,"JAIBA REINA",1.544
2015,14,"JAIBA REMADORA",1.544
2015,14,"JUREL",66.059
2015,14,"REINETA",91.78
2015,14,"SALMON REY",3703.59937
2015,14,"TRUCHA ARCOIRIS",1844.34411
2015,15,"ANCHOVETA",4.6249
2015,15,"ATUN ALETA LARGA",5.84189
2015,15,"COJINOBA DEL NORTE / PIAFRI",33.6
2015,15,"COJINOBA DEL SUR O AZUL",33.6
2015,15,"COJINOBA MOTEADA",33.6
2015,15,"CORVINA",10.08
2015,15,"JUREL",39.425
2015,15,"REINETA",461.51941
2015,15,"TRUCHA ARCOIRIS",24.3
2015,20,"ANCHOVETA",18.93492
2015,20,"BACALAO ANTARTICO",17.28386
2015,20,"CAMARON ECUATORIANO O PENAEUE",21.945
2015,20,"CENTOLLA",20.615
2015,NA,"ALBACORA O PEZ ESPADA / IVI HEHEU",0.302
2015,NA,"ALGAS MIXTAS",0.052
2015,NA,"ATUN ALETA LARGA",0.4602
2015,NA,"BACALAO ANTARTICO",0.05
2015,NA,"CABALLA",0.112
2015,NA,"CAMARON NAILON",0.036
2015,NA,"CARACOL LOCATE",0.007
2015,NA,"CAROLA",0.052
2015,NA,"CENTOLLA",0.188
2015,NA,"CENTOLLON",0.237
2015,NA,"CHOLGA",0.342
2015,NA,"CHORITO",0.148
2015,NA,"CHORO",0.342
2015,NA,"ERIZO",0.239
2015,NA,"JAIBA",0.055
2015,NA,"JAIBA LIMON",0.055
2015,NA,"JAIBA MARMOLA",0.055
2015,NA,"JAIBA MORA",0.055
2015,NA,"JAIBA PANCHOTE O CANGREJO",0.055
2015,NA,"JAIBA PELUDA O PACHONA",0.055
2015,NA,"JAIBA REINA",0.055
2015,NA,"JAIBA REMADORA",0.055
2015,NA,"JUREL",0.265
2015,NA,"NAVAJUELA",0.045
2015,NA,"PEJERREY DE MAR",0.0027
2015,NA,"PEPINO DE MAR",0.08945
2015,NA,"PULPO DEL SUR",0.015
2015,NA,"SALMON REY",0.458
2015,NA,"TRUCHA ARCOIRIS",0.43627
2016,0,"ALBACORA O PEZ ESPADA / IVI HEHEU",0.012
2016,0,"ALGAS MIXTAS",1.449
2016,0,"ALMEJA",0.011
2016,0,"ALMEJA O TACA",0.011
2016,0,"ANGUILA",26.95
2016,0,"ATUN ALETA LARGA",0.09516
2016,0,"BAGRE",26.95
2016,0,"BROTULA",0.13138
2016,0,"CAMARON NAILON",0.05525
2016,0,"CAROLA",1.449
2016,0,"CENTOLLA",0.44943
2016,0,"CENTOLLA DEL NORTE",0.05
2016,0,"CENTOLLON",0.01
2016,0,"CHASCON O HUIRO NEGRO",0.306
2016,0,"CHOLGA",1.48185
2016,0,"CHORITO",0.0304
2016,0,"CHORO",1.48185
2016,0,"COJINOBA DEL NORTE / PIAFRI",0.055
2016,0,"COJINOBA DEL SUR O AZUL",0.055
2016,0,"COJINOBA MOTEADA",0.055
2016,0,"ERIZO",0.05656
2016,0,"HUEPO O NAVAJA DE MAR",0.00094
2016,0,"JAIBA",0.0814
2016,0,"JAIBA LIMON",0.0814
2016,0,"JAIBA MARMOLA",0.0814
2016,0,"JAIBA MORA",0.0814
2016,0,"JAIBA PANCHOTE O CANGREJO",0.0814
2016,0,"JAIBA PELUDA O PACHONA",0.0814
2016,0,"JAIBA REINA",0.0814
2016,0,"JAIBA REMADORA",0.0814
2016,0,"JUREL",6.5023
2016,0,"LANGOSTINO AMARILLO",0.03675
2016,0,"LOCO",0.00144
2016,0,"MERLUZA COMUN",0.0999
2016,0,"MERLUZA DE COLA",0.0209
2016,0,"MERLUZA DE TRES ALETAS",0.0015
2016,0,"MERLUZA DEL ATLANTICO",0.0209
2016,0,"MERLUZA DEL SUR O AUSTRAL",0.2474
2016,0,"PELILLO",0.008
2016,0,"PEPINO DE MAR",0.022
2016,0,"PULPO DEL NORTE",0.016
2016,0,"REINETA",0.013
2016,0,"SALMON REY",0.46757
2016,0,"TRUCHA ARCOIRIS",0.91387
2016,1,"ALGAS MIXTAS",376.82
2016,1,"CAROLA",376.82
2016,1,"CHASCON O HUIRO NEGRO",6824.022
2016,1,"ERIZO",35.349
2016,1,"HUIRO",960.742
2016,2,"CAMARON NAILON",2.246
2016,2,"CARACOL LOCATE",23.013
2016,2,"CHASCON O HUIRO NEGRO",12887.587
2016,2,"ERIZO",0.118
2016,2,"HUEPO O NAVAJA DE MAR",1.9278
2016,2,"HUIRO",1592.01
2016,2,"PEPINO DE MAR",2.52
2016,2,"SALMON REY",24.858
2016,3,"ABALON JAPONES",2.9884
2016,3,"ALBACORA O PEZ ESPADA / IVI HEHEU",233.434
2016,3,"ALGAS MIXTAS",23.992
2016,3,"CAMARON NAILON",20.4
2016,3,"CAROLA",23.992
2016,3,"CHASCON O HUIRO NEGRO",25730.207
2016,3,"CHICOREA DE MAR",52.992
2016,3,"COCHAYUYO",201.201
2016,3,"CULENGUE",0.1455
2016,3,"ERIZO",26.71
2016,3,"HUEPO O NAVAJA DE MAR",0.1455
2016,3,"HUIRO",1034.914
2016,3,"LOCO",0.2715
2016,3,"NAVAJUELA",0.1455
2016,3,"SALMON REY",262.29351
2016,4,"ALBACORA O PEZ ESPADA / IVI HEHEU",1184.76628
2016,4,"ALGAS MIXTAS",1274.2855
2016,4,"BACALAO ANTARTICO",13.77118
2016,4,"BACALAO DE PROFUNDIDAD",158.77025
2016,4,"CAMARON NAILON",145.75308
2016,4,"CARACOL LOCATE",11.571
2016,4,"CAROLA",1274.2855
2016,4,"CHASCA",30.6
2016,4,"CHASCON O HUIRO NEGRO",12252.418
2016,4,"CHICOREA DE MAR",217.903
2016,4,"CHORITO",1.9
2016,4,"COCHAYUYO",237.305
2016,4,"HUIRO",2198.615
2016,4,"JAIBA",1.238
2016,4,"JAIBA LIMON",1.238
2016,4,"JAIBA MARMOLA",1.238
2016,4,"JAIBA MORA",1.238
2016,4,"JAIBA PANCHOTE O CANGREJO",1.238
2016,4,"JAIBA PELUDA O PACHONA",1.238
2016,4,"JAIBA REINA",1.238
2016,4,"JAIBA REMADORA",1.238
2016,4,"JUREL",159.293
2016,4,"LANGOSTINO COLORADO",30.12348
2016,4,"OSTION DEL NORTE",58.984
2016,4,"OSTRA DEL PACIFICO",8.252
2016,4,"PELILLO",146.563
2016,4,"SALMON REY",48.72473
2016,5,"ALBACORA O PEZ ESPADA / IVI HEHEU",601.811
2016,5,"ALGAS MIXTAS",465.722
2016,5,"BACALAO DE PROFUNDIDAD",59.733
2016,5,"CAMARON NAILON",252.33562
2016,5,"CAROLA",465.722
2016,5,"CENTOLLA",383.75142
2016,5,"CENTOLLON",30.23875
2016,5,"CHASCA",12.0672
2016,5,"CHASCON O HUIRO NEGRO",104.2
2016,5,"CHICOREA DE MAR",24.3
2016,5,"CHOLGA",195.2915
2016,5,"CHORO",195.2915
2016,5,"COCHAYUYO",30.959
2016,5,"HUEPO O NAVAJA DE MAR",0.946
2016,5,"HUIRO",58.463
2016,5,"JAIBA",44.756
2016,5,"JAIBA LIMON",44.756
2016,5,"JAIBA MARMOLA",44.756
2016,5,"JAIBA MORA",44.756
2016,5,"JAIBA PANCHOTE O CANGREJO",44.756
2016,5,"JAIBA PELUDA O PACHONA",44.756
2016,5,"JAIBA REINA",44.756
2016,5,"JAIBA REMADORA",44.756
2016,5,"JUREL",2117.16
2016,5,"LANGOSTA DE J.FERNANDEZ",3.49
2016,5,"LANGOSTINO AMARILLO",31.64789
2016,5,"LANGOSTINO COLORADO",29.94842
2016,5,"LOCO",11.955
2016,5,"MERLUZA COMUN",26.136
2016,5,"MERLUZA DEL SUR O AUSTRAL",20.7013
2016,5,"PEJERREY DE MAR",5.462
2016,5,"PELILLO",50.28
2016,5,"SALMON REY",6.8635
2016,6,"ALBACORA O PEZ ESPADA / IVI HEHEU",1.258
2016,6,"CENTOLLA",12.795
2016,6,"CHASCA",10.954
2016,6,"COCHAYUYO",138.177
2016,6,"SALMON REY",126.54123
2016,7,"CHOLGA",105.13359
2016,7,"CHORO",105.13359
2016,8,"ABALON JAPONES",3.7488
2016,8,"ALBACORA O PEZ ESPADA / IVI HEHEU",302.2457
2016,8,"ALGAS MIXTAS",2666.924
2016,8,"BACALAO ANTARTICO",0.021
2016,8,"BACALAO DE PROFUNDIDAD",139.27161
2016,8,"CABALLA",155.25
2016,8,"CARACOL PALO PALO",19.86358
2016,8,"CAROLA",2666.924
2016,8,"CENTOLLA",87.97049
2016,8,"CENTOLLON",0.42
2016,8,"CHICOREA DE MAR",1063.4343
2016,8,"CHOLGA",803.70209
2016,8,"CHORO",803.70209
2016,8,"COCHAYUYO",1945.41538
2016,8,"COJINOBA DEL NORTE / PIAFRI",12.2
2016,8,"COJINOBA DEL SUR O AZUL",12.2
2016,8,"COJINOBA MOTEADA",12.2
2016,8,"CONGRIO COLORADO",0.10315
2016,8,"CONGRIO NEGRO",0.10315
2016,8,"CORVINA",23.605
2016,8,"CULENGUE",240.4534
2016,8,"ERIZO",83.38993
2016,8,"HUEPO O NAVAJA DE MAR",575.54455
2016,8,"HUIRO",49.62923
2016,8,"JAIBA",45.3627
2016,8,"JAIBA LIMON",45.3627
2016,8,"JAIBA MARMOLA",45.3627
2016,8,"JAIBA MORA",45.3627
2016,8,"JAIBA PANCHOTE O CANGREJO",45.3627
2016,8,"JAIBA PELUDA O PACHONA",45.3627
2016,8,"JAIBA REINA",45.3627
2016,8,"JAIBA REMADORA",45.3627
2016,8,"JULIANA O TAWERA",0.20631
2016,8,"JUREL",59081.20846
2016,8,"LANGOSTINO AMARILLO",124.12478
2016,8,"LANGOSTINO COLORADO",467.34117
2016,8,"LOCO",225.20181
2016,8,"MERLUZA COMUN",2699.47546
2016,8,"MERLUZA DEL SUR O AUSTRAL",0.52981
2016,8,"NAVAJUELA",627.24991
2016,8,"PEJERREY DE MAR",48.25
2016,8,"PELILLO",689.878
2016,8,"PEPINO DE MAR",0.253
2016,8,"REINETA",1186.904
2016,9,"CENTOLLA",13.96979
2016,10,"ABALON JAPONES",0.01295
2016,10,"ALBACORA O PEZ ESPADA / IVI HEHEU",292.30372
2016,10,"ALGAS MIXTAS",1169.203
2016,10,"ALMEJA",48.37848
2016,10,"ALMEJA O TACA",48.37848
2016,10,"ATUN ALETA AMARILLA / KAHI AVE AVE",0.031
2016,10,"ATUN ALETA LARGA",425.15959
2016,10,"ATUN LISTADO,BARRILETE,CACHURRETA/AUHOPU",0.12001
2016,10,"BACALAO DE PROFUNDIDAD",82.52582
2016,10,"CABALLA",276.932
2016,10,"CALAMAR ILLEX O POTA DEL ATLANTICO",0.36528
2016,10,"CARACOL PALO PALO",10.323
2016,10,"CAROLA",1169.203
2016,10,"CENTOLLA",838.00967
2016,10,"CENTOLLA DEL NORTE",6.37361
2016,10,"CENTOLLON",7.8032
2016,10,"CHASCA",6.972
2016,10,"CHICOREA DE MAR",55.45
2016,10,"CHOLGA",71751.8099
2016,10,"CHORITO",76.45703
2016,10,"CHORO",71751.8099
2016,10,"COCHAYUYO",105.484
2016,10,"COJINOBA DEL NORTE / PIAFRI",9.15
2016,10,"COJINOBA DEL SUR O AZUL",9.15
2016,10,"COJINOBA MOTEADA",9.15
2016,10,"CONGRIO DORADO",0.55385
2016,10,"CORVINA",13.71271
2016,10,"CULENGUE",100.16149
2016,10,"ERIZO",132.38958
2016,10,"GRANADERO GRANDE",0.917
2016,10,"HUEPO O NAVAJA DE MAR",182.32389
2016,10,"HUIRO",38.6
2016,10,"JAIBA",255.78167
2016,10,"JAIBA LIMON",255.78167
2016,10,"JAIBA MARMOLA",255.78167
2016,10,"JAIBA MORA",255.78167
2016,10,"JAIBA PANCHOTE O CANGREJO",255.78167
2016,10,"JAIBA PELUDA O PACHONA",255.78167
2016,10,"JAIBA REINA",255.78167
2016,10,"JAIBA REMADORA",255.78167
2016,10,"JULIANA O TAWERA",120.03407
2016,10,"JUREL",31719.18631
2016,10,"LANGOSTINO AMARILLO",59.77015
2016,10,"LANGOSTINO COLORADO",209.91128
2016,10,"LOCO",194.46047
2016,10,"MACHA",2.70744
2016,10,"MERLUZA COMUN",75.07319
2016,10,"MERLUZA DE COLA",17.40196
2016,10,"MERLUZA DE TRES ALETAS",24.97
2016,10,"MERLUZA DEL ATLANTICO",17.40196
2016,10,"MERLUZA DEL SUR O AUSTRAL",4415.22957
2016,10,"NAVAJUELA",964.70536
2016,10,"PEJERRATA",0.917
2016,10,"PEJERRATA O GRANADERO ESCAMOSO",0.917
2016,10,"PEJERREY DE MAR",102.94795
2016,10,"PELILLO",126.308
2016,10,"PEPINO DE MAR",6.63749
2016,10,"POTA DEL PACIFICO",0.36528
2016,10,"PULPO DEL NORTE",2.20658
2016,10,"REINETA",220.83983
2016,10,"SALMON REY",88299.2725
2016,10,"SARDINA AUSTRAL",2.73856
2016,10,"SARDINA COMUN",2.73856
2016,10,"TRUCHA ARCOIRIS",45880.81411
2016,11,"ALBACORA O PEZ ESPADA / IVI HEHEU",2.55157
2016,11,"ANCHOVETA",1.04916
2016,11,"BROTULA",3.82943
2016,11,"CENTOLLA",16.4295
2016,11,"CENTOLLON",0.816
2016,11,"CHOLGA",111.41798
2016,11,"CHORO",111.41798
2016,11,"COJINOBA DEL NORTE / PIAFRI",1485.7176
2016,11,"COJINOBA DEL SUR O AZUL",1485.7176
2016,11,"COJINOBA MOTEADA",1485.7176
2016,11,"CONGRIO COLORADO",0.69796
2016,11,"CONGRIO DORADO",52.61176
2016,11,"CONGRIO NEGRO",0.69796
2016,11,"ERIZO",0.5
2016,11,"JAIBA",44.38765
2016,11,"JAIBA LIMON",44.38765
2016,11,"JAIBA MARMOLA",44.38765
2016,11,"JAIBA MORA",44.38765
2016,11,"JAIBA PANCHOTE O CANGREJO",44.38765
2016,11,"JAIBA PELUDA O PACHONA",44.38765
2016,11,"JAIBA REINA",44.38765
2016,11,"JAIBA REMADORA",44.38765
2016,11,"MERLUZA COMUN",33.12034
2016,11,"MERLUZA DEL ATLANTICO",87.79153
2016,11,"MERLUZA DEL SUR O AUSTRAL",3131.39042
2016,11,"NAVAJUELA",0.84968
2016,11,"SALMON REY",1765.84807
2016,11,"TRUCHA ARCOIRIS",6.42751
2016,12,"ALGAS MIXTAS",151.84
2016,12,"BACALAO ANTARTICO",1.74139
2016,12,"BACALAO DE PROFUNDIDAD",981.7297
2016,12,"BROTULA",143.19396
2016,12,"CAROLA",151.84
2016,12,"CENTOLLA",1872.46302
2016,12,"CENTOLLA DEL NORTE",15.26422
2016,12,"CENTOLLON",595.42869
2016,12,"CHASCON O HUIRO NEGRO",364.91
2016,12,"COJINOBA DEL NORTE / PIAFRI",1934.55907
2016,12,"COJINOBA DEL SUR O AZUL",1934.55907
2016,12,"COJINOBA MOTEADA",1934.55907
2016,12,"CONGRIO COLORADO",8.4775
2016,12,"CONGRIO DORADO",183.19707
2016,12,"CONGRIO NEGRO",8.4775
2016,12,"DRACO RAYADO",99.20864
2016,12,"ERIZO",138.1228
2016,12,"JAIBA",60.90535
2016,12,"JAIBA LIMON",60.90535
2016,12,"JAIBA MARMOLA",60.90535
2016,12,"JAIBA MORA",60.90535
2016,12,"JAIBA PANCHOTE O CANGREJO",60.90535
2016,12,"JAIBA PELUDA O PACHONA",60.90535
2016,12,"JAIBA REINA",60.90535
2016,12,"JAIBA REMADORA",60.90535
2016,12,"LANGOSTA DE J.FERNANDEZ",0.71
2016,12,"MERLUZA COMUN",12.86835
2016,12,"MERLUZA DE TRES ALETAS",1647.407
2016,12,"MERLUZA DEL ATLANTICO",195.64167
2016,12,"MERLUZA DEL SUR O AUSTRAL",2491.03605
2016,12,"REINETA",1.75
2016,12,"SALMON REY",42.13859
2016,12,"TRUCHA ARCOIRIS",4593.376
2016,13,"ALBACORA O PEZ ESPADA / IVI HEHEU",148.31195
2016,13,"ALGAS MIXTAS",5.539
2016,13,"ALMEJA",6.60439
2016,13,"ALMEJA O TACA",6.60439
2016,13,"BACALAO ANTARTICO",0.26801
2016,13,"CAMARON NAILON",99.96
2016,13,"CAROLA",5.539
2016,13,"CENTOLLA",517.17239
2016,13,"CHASCON O HUIRO NEGRO",955.908
2016,13,"CHOLGA",74.58057
2016,13,"CHORO",74.58057
2016,13,"CULENGUE",0.0625
2016,13,"ERIZO",45.9924
2016,13,"GRANADERO GRANDE",0.857
2016,13,"HUEPO O NAVAJA DE MAR",15.025
2016,13,"JAIBA",97.34574
2016,13,"JAIBA LIMON",97.34574
2016,13,"JAIBA MARMOLA",97.34574
2016,13,"JAIBA MORA",97.34574
2016,13,"JAIBA PANCHOTE O CANGREJO",97.34574
2016,13,"JAIBA PELUDA O PACHONA",97.34574
2016,13,"JAIBA REINA",97.34574
2016,13,"JAIBA REMADORA",97.34574
2016,13,"JUREL",563.7985
2016,13,"LANGOSTA DE J.FERNANDEZ",1.36
2016,13,"LANGOSTINO AMARILLO",92.92193
2016,13,"LANGOSTINO COLORADO",31.96007
2016,13,"LOCO",16.5755
2016,13,"MERLUZA COMUN",9.03145
2016,13,"MERLUZA DEL SUR O AUSTRAL",257.63565
2016,13,"NAVAJUELA",44.125
2016,13,"PEJERRATA",0.857
2016,13,"PEJERRATA O GRANADERO ESCAMOSO",0.857
2016,13,"PEJERREY DE MAR",18.976
2016,13,"PEPINO DE MAR",0.055
2016,13,"SALMON REY",45.037
2016,13,"TRUCHA ARCOIRIS",356.143
2016,14,"CENTOLLA",70.82308
2016,14,"CHOLGA",162.518
2016,14,"CHORO",162.518
2016,14,"ERIZO",1.06614
2016,14,"JAIBA",18.56371
2016,14,"JAIBA LIMON",18.56371
2016,14,"JAIBA MARMOLA",18.56371
2016,14,"JAIBA MORA",18.56371
2016,14,"JAIBA PANCHOTE O CANGREJO",18.56371
2016,14,"JAIBA PELUDA O PACHONA",18.56371
2016,14,"JAIBA REINA",18.56371
2016,14,"JAIBA REMADORA",18.56371
2016,14,"JUREL",23.13
2016,14,"MERLUZA DEL ATLANTICO",0.54488
2016,14,"MERLUZA DEL SUR O AUSTRAL",0.147
2016,14,"SALMON REY",4647.86774
2016,14,"TRUCHA ARCOIRIS",2427.14368
2016,15,"ALBACORA O PEZ ESPADA / IVI HEHEU",23.41359
2016,15,"ANCHOVETA",16.2265
2016,15,"ATUN ALETA LARGA",16.107
2016,15,"CENTOLLA",12.87208
2016,15,"COJINOBA DEL NORTE / PIAFRI",39.3
2016,15,"COJINOBA DEL SUR O AZUL",39.3
2016,15,"COJINOBA MOTEADA",39.3
2016,15,"CORVINA",21.81356
2016,15,"ERIZO",0.681
2016,15,"JUREL",53.427
2016,15,"MERLUZA DEL SUR O AUSTRAL",3.514
2016,15,"REINETA",130.81044
2016,20,"ALGAS MIXTAS",0.8931
2016,20,"BACALAO ANTARTICO",2.07031
2016,20,"CAROLA",0.8931
2016,NA,"ALBACORA O PEZ ESPADA / IVI HEHEU",0.183
2016,NA,"ALGAS MIXTAS",0.024
2016,NA,"ANGUILA",0.045
2016,NA,"ATUN ALETA LARGA",0.13
2016,NA,"CABALLA",0.21
2016,NA,"CAMARON NAVAJA",0.03
2016,NA,"CAROLA",0.024
2016,NA,"CENTOLLA",0.115
2016,NA,"CENTOLLON",0.185
2016,NA,"CENTOLLON DEL NORTE",0.025
2016,NA,"CHOLGA",0.055
2016,NA,"CHORITO",0.3991
2016,NA,"CHORO",0.055
2016,NA,"ERIZO",0.19
2016,NA,"JAIBA",0.302
2016,NA,"JAIBA LIMON",0.302
2016,NA,"JAIBA MARMOLA",0.302
2016,NA,"JAIBA MORA",0.302
2016,NA,"JAIBA PANCHOTE O CANGREJO",0.302
2016,NA,"JAIBA PELUDA O PACHONA",0.302
2016,NA,"JAIBA REINA",0.302
2016,NA,"JAIBA REMADORA",0.302
2016,NA,"JUREL",0.365
2016,NA,"LANGOSTINO AMARILLO",0.012
2016,NA,"MERLUZA DEL ATLANTICO",0.008
2016,NA,"MERLUZA DEL SUR O AUSTRAL",0.125
2016,NA,"OSTION DEL NORTE",0.008
2016,NA,"PEPINO DE MAR",0.228
2016,NA,"PULPO DE JUAN FERNANDEZ",0.06
2016,NA,"SALMON REY",0.38621
2016,NA,"TRUCHA ARCOIRIS",0.173
2017,0,"ABALON ROJO",0.05976
2017,0,"ALBACORA O PEZ ESPADA / IVI HEHEU",0.064
2017,0,"ALGAS MIXTAS",2.6873
2017,0,"ATUN LISTADO,BARRILETE,CACHURRETA/AUHOPU",0.02
2017,0,"BACALAO ANTARTICO",0.162
2017,0,"BACALAO DE PROFUNDIDAD",0.016
2017,0,"BONITO",0.7278
2017,0,"CABALLA",0.1926
2017,0,"CAMARON ECUATORIANO O PENAEUE",51.108
2017,0,"CAMARON NAILON",0.0386
2017,0,"CAROLA",2.6873
2017,0,"CENTOLLA",0.05455
2017,0,"CENTOLLON",0.05
2017,0,"CHOLGA",1.32517
2017,0,"CHORITO",0.68305
2017,0,"CHORO",1.32517
2017,0,"ERIZO",0.2489
2017,0,"HUEPO O NAVAJA DE MAR",0.0281
2017,0,"JAIBA",0.2435
2017,0,"JAIBA LIMON",0.2435
2017,0,"JAIBA MARMOLA",0.2435
2017,0,"JAIBA MORA",0.2435
2017,0,"JAIBA PANCHOTE O CANGREJO",0.2435
2017,0,"JAIBA PELUDA O PACHONA",0.2435
2017,0,"JAIBA REINA",0.2435
2017,0,"JAIBA REMADORA",0.2435
2017,0,"JIBIA O CALAMAR ROJO",0.058
2017,0,"JULIANA O TAWERA",0.003
2017,0,"JUREL",0.81955
2017,0,"LANGOSTINO COLORADO",0.0155
2017,0,"LOCO",0.07226
2017,0,"MERLUZA COMUN",0.071
2017,0,"MERLUZA DE COLA",0.068
2017,0,"MERLUZA DEL ATLANTICO",0.03667
2017,0,"MERLUZA DEL SUR O AUSTRAL",0.10943
2017,0,"OSTION DEL NORTE",0.3086
2017,0,"PEJERREY DE MAR",0.06902
2017,0,"PEPINO DE MAR",0.434
2017,0,"PULPO DEL NORTE",0.0855
2017,0,"PULPO DEL SUR",0.08704
2017,0,"SALMON REY",2.65223
2017,0,"TRUCHA ARCOIRIS",0.92171
2017,1,"ALBACORA O PEZ ESPADA / IVI HEHEU",145.36986
2017,1,"ALGAS MIXTAS",163.328
2017,1,"CAROLA",163.328
2017,1,"CHASCON O HUIRO NEGRO",6475.407
2017,1,"CHOLGA",44.24474
2017,1,"CHORO",44.24474
2017,1,"COCHAYUYO",2.87
2017,1,"ERIZO",34.6025
2017,1,"HUIRO",562.017
2017,1,"PULPO DEL NORTE",17.2834
2017,2,"ALBACORA O PEZ ESPADA / IVI HEHEU",49.8958
2017,2,"ALGAS MIXTAS",2035.671
2017,2,"CARACOL LOCATE",33.24332
2017,2,"CAROLA",2035.671
2017,2,"CHASCON O HUIRO NEGRO",13844.027
2017,2,"CHOLGA",68.58907
2017,2,"CHORO",68.58907
2017,2,"COCHAYUYO",15.185
2017,2,"HUIRO",21.21
2017,2,"LAPA",15.6
2017,2,"LAPA BONETE",15.6
2017,2,"PULPO DEL NORTE",692.6004
2017,2,"SALMON REY",24.525
2017,3,"ABALON JAPONES",6.0456
2017,3,"ABALON ROJO",194.31808
2017,3,"ALBACORA O PEZ ESPADA / IVI HEHEU",24.2451
2017,3,"ALGAS MIXTAS",461.304
2017,3,"CAROLA",461.304
2017,3,"CHASCON O HUIRO NEGRO",28331.308
2017,3,"CHICOREA DE MAR",146.88
2017,3,"COCHAYUYO",126.961
2017,3,"ERIZO",3.754
2017,3,"HUIRO",1253.059
2017,3,"JIBIA O CALAMAR ROJO",3.12
2017,3,"LOCO",2.53504
2017,3,"NAVAJUELA",4.9644
2017,3,"PULPO DEL NORTE",71.7386
2017,3,"SALMON REY",24.28127
2017,3,"TRUCHA ARCOIRIS",24.75
2017,4,"ABALON ROJO",1.177
2017,4,"ALBACORA O PEZ ESPADA / IVI HEHEU",1441.04396
2017,4,"ALGAS MIXTAS",956.224
2017,4,"BACALAO ANTARTICO",1.72038
2017,4,"BACALAO DE PROFUNDIDAD",98.78962
2017,4,"CABALLA",84.24
2017,4,"CALAMAR ILLEX O POTA DEL ATLANTICO",2.39392
2017,4,"CAMARON NAILON",188.9772
2017,4,"CARACOL LOCATE",6.591
2017,4,"CAROLA",956.224
2017,4,"CHASCON O HUIRO NEGRO",15587.402
2017,4,"CHICOREA DE MAR",193.615
2017,4,"CHOLGA",96.54601
2017,4,"CHORO",96.54601
2017,4,"COCHAYUYO",135.54
2017,4,"ERIZO",1.04
2017,4,"HUEPO O NAVAJA DE MAR",15.0336
2017,4,"HUIRO",1297.9258
2017,4,"JAIBA",126.18332
2017,4,"JAIBA LIMON",126.18332
2017,4,"JAIBA MARMOLA",126.18332
2017,4,"JAIBA MORA",126.18332
2017,4,"JAIBA PANCHOTE O CANGREJO",126.18332
2017,4,"JAIBA PELUDA O PACHONA",126.18332
2017,4,"JAIBA REINA",126.18332
2017,4,"JAIBA REMADORA",126.18332
2017,4,"JIBIA O CALAMAR ROJO",5115.00107
2017,4,"JUREL",79.041
2017,4,"LANGOSTA DE J.FERNANDEZ",51.75673
2017,4,"LANGOSTINO AMARILLO",10.07085
2017,4,"LANGOSTINO COLORADO",9.54855
2017,4,"LAPA",19.2737
2017,4,"LAPA BONETE",19.2737
2017,4,"LOCO",47.6522
2017,4,"MERLUZA DEL SUR O AUSTRAL",2.29293
2017,4,"NAVAJUELA",7.5168
2017,4,"OSTION DEL NORTE",847.08676
2017,4,"OSTRA DEL PACIFICO",2.133
2017,4,"PELILLO",165.055
2017,4,"POTA DEL PACIFICO",2.39392
2017,4,"PULPO DEL NORTE",299.5821
2017,4,"SALMON REY",48.48562
2017,5,"ABALON ROJO",9.09782
2017,5,"ALBACORA O PEZ ESPADA / IVI HEHEU",353.2078
2017,5,"ALGAS MIXTAS",54.84
2017,5,"BACALAO DE PROFUNDIDAD",107.594
2017,5,"CAMARON NAILON",180.12426
2017,5,"CAROLA",54.84
2017,5,"CENTOLLA",823.51863
2017,5,"CENTOLLON",430.5322
2017,5,"CHASCA",126.371
2017,5,"CHASCON O HUIRO NEGRO",232.449
2017,5,"CHOLGA",180.73021
2017,5,"CHORITO",3.104
2017,5,"CHORO",180.73021
2017,5,"COCHAYUYO",87.122
2017,5,"ERIZO",3.447
2017,5,"HUEPO O NAVAJA DE MAR",5.5
2017,5,"HUIRO",161.618
2017,5,"JAIBA",97.86641
2017,5,"JAIBA LIMON",97.86641
2017,5,"JAIBA MARMOLA",97.86641
2017,5,"JAIBA MORA",97.86641
2017,5,"JAIBA PANCHOTE O CANGREJO",97.86641
2017,5,"JAIBA PELUDA O PACHONA",97.86641
2017,5,"JAIBA REINA",97.86641
2017,5,"JAIBA REMADORA",97.86641
2017,5,"JIBIA O CALAMAR ROJO",20080.0847
2017,5,"JULIANA O TAWERA",15.129
2017,5,"JUREL",50.4
2017,5,"LANGOSTA DE J.FERNANDEZ",22.60116
2017,5,"LOCO",202.772
2017,5,"MERLUZA COMUN",19.967
2017,5,"MERLUZA DEL SUR O AUSTRAL",1.293
2017,5,"OSTION DEL NORTE",40.35136
2017,5,"OSTION PATAGONICO",40.43371
2017,5,"PEJERREY DE MAR",7.71
2017,5,"PULPO DEL NORTE",471.585
2017,5,"PULPO DEL SUR",8.743
2017,5,"SALMON REY",67.91
2017,5,"TRUCHA ARCOIRIS",123.048
2017,6,"ALGAS MIXTAS",2.025
2017,6,"CAROLA",2.025
2017,6,"CHASCON O HUIRO NEGRO",361.722
2017,6,"CHOLGA",100.71072
2017,6,"CHORO",100.71072
2017,6,"COCHAYUYO",22.861
2017,6,"HUIRO",105.35
2017,6,"JIBIA O CALAMAR ROJO",287.49782
2017,6,"JUREL",428
2017,6,"SALMON REY",967.3738
2017,7,"JAIBA",1.1532
2017,7,"JAIBA LIMON",1.1532
2017,7,"JAIBA MARMOLA",1.1532
2017,7,"JAIBA MORA",1.1532
2017,7,"JAIBA PANCHOTE O CANGREJO",1.1532
2017,7,"JAIBA PELUDA O PACHONA",1.1532
2017,7,"JAIBA REINA",1.1532
2017,7,"JAIBA REMADORA",1.1532
2017,7,"JIBIA O CALAMAR ROJO",151.7408
2017,7,"JUREL",23.622
2017,7,"SALMON REY",23.41526
2017,7,"TRUCHA ARCOIRIS",24.75
2017,8,"ALBACORA O PEZ ESPADA / IVI HEHEU",344.27726
2017,8,"ALGAS MIXTAS",2316.506
2017,8,"BACALAO DE PROFUNDIDAD",155.66476
2017,8,"BONITO",101.4596
2017,8,"CABALLA",2028.5155
2017,8,"CALAMAR ILLEX O POTA DEL ATLANTICO",53.3765
2017,8,"CARACOL PALO PALO",16.77323
2017,8,"CAROLA",2316.506
2017,8,"CENTOLLA",65.22315
2017,8,"CENTOLLON",1.2
2017,8,"CHASCA",17.108
2017,8,"CHASCON O HUIRO NEGRO",193.755
2017,8,"CHICOREA DE MAR",759.8011
2017,8,"CHOLGA",275.21677
2017,8,"CHORO",275.21677
2017,8,"COCHAYUYO",1738.36518
2017,8,"COJINOBA DEL NORTE / PIAFRI",4.186
2017,8,"COJINOBA DEL SUR O AZUL",4.186
2017,8,"COJINOBA MOTEADA",4.186
2017,8,"CULENGUE",163.39898
2017,8,"ERIZO",15.45938
2017,8,"HUEPO O NAVAJA DE MAR",457.16209
2017,8,"HUIRO",602.773
2017,8,"JAIBA",26.24894
2017,8,"JAIBA LIMON",26.24894
2017,8,"JAIBA MARMOLA",26.24894
2017,8,"JAIBA MORA",26.24894
2017,8,"JAIBA PANCHOTE O CANGREJO",26.24894
2017,8,"JAIBA PELUDA O PACHONA",26.24894
2017,8,"JAIBA REINA",26.24894
2017,8,"JAIBA REMADORA",26.24894
2017,8,"JIBIA O CALAMAR ROJO",38428.52013
2017,8,"JUREL",84111.28669
2017,8,"JUREL DE JUAN FERNANDEZ",25.3649
2017,8,"JUREL FINO",25.3649
2017,8,"LANGOSTINO AMARILLO",96.93365
2017,8,"LANGOSTINO COLORADO",343.35135
2017,8,"LOCO",188.02539
2017,8,"MARLIN",25.3649
2017,8,"MARLIN RAYADO",25.3649
2017,8,"MERLUZA COMUN",2291.21432
2017,8,"MERLUZA DE COLA",1330.649
2017,8,"MERLUZA DEL ATLANTICO",12.625
2017,8,"MERLUZA DEL SUR O AUSTRAL",52.4152
2017,8,"NAVAJUELA",385.02968
2017,8,"PEJERREY DE MAR",8.122
2017,8,"PELILLO",671.763
2017,8,"PEPINO DE MAR",62.708
2017,8,"POTA DEL PACIFICO",53.3765
2017,8,"PULPO DEL NORTE",10.634
2017,8,"RAYA AGUILA",2.611
2017,8,"RAYA MOTEADA O NEGRA",2.611
2017,8,"RAYA VOLANTIN",1.76
2017,8,"REINETA",597.38326
2017,8,"SALMON REY",23.99122
2017,9,"ALGAS MIXTAS",25.312
2017,9,"CAROLA",25.312
2017,9,"JIBIA O CALAMAR ROJO",36.68284
2017,9,"JULIANA O TAWERA",0.96
2017,9,"LOCO",15.444
2017,10,"ABALON ROJO",15.64993
2017,10,"ALBACORA O PEZ ESPADA / IVI HEHEU",608.43694
2017,10,"ALGAS MIXTAS",901.476
2017,10,"ATUN ALETA LARGA",24.0735
2017,10,"BACALAO DE PROFUNDIDAD",0.52701
2017,10,"BONITO",109.71008
2017,10,"CABALLA",444.05
2017,10,"CALAMAR ILLEX O POTA DEL ATLANTICO",62.71098
2017,10,"CARACOL PALO PALO",19.7064
2017,10,"CAROLA",901.476
2017,10,"CENTOLLA",610.54096
2017,10,"CENTOLLON",157.42152
2017,10,"CHASCA",9.9
2017,10,"CHASCON O HUIRO NEGRO",79.5
2017,10,"CHICOREA DE MAR",8.064
2017,10,"CHOLGA",84369.07495
2017,10,"CHORITO",103.12964
2017,10,"CHORO",84369.07495
2017,10,"CONGRIO COLORADO",0.086
2017,10,"CONGRIO DORADO",0.017
2017,10,"CONGRIO NEGRO",0.086
2017,10,"CULENGUE",177.1597
2017,10,"ERIZO",1162.85633
2017,10,"GRANADERO GRANDE",9.107
2017,10,"HUEPO O NAVAJA DE MAR",292.57864
2017,10,"JAIBA",627.12453
2017,10,"JAIBA LIMON",627.12453
2017,10,"JAIBA MARMOLA",627.12453
2017,10,"JAIBA MORA",627.12453
2017,10,"JAIBA PANCHOTE O CANGREJO",627.12453
2017,10,"JAIBA PELUDA O PACHONA",627.12453
2017,10,"JAIBA REINA",627.12453
2017,10,"JAIBA REMADORA",627.12453
2017,10,"JIBIA O CALAMAR ROJO",3957.17611
2017,10,"JULIANA O TAWERA",2459.68023
2017,10,"JUREL",32245.9494
2017,10,"JUREL DE JUAN FERNANDEZ",27.42752
2017,10,"JUREL FINO",27.42752
2017,10,"LANGOSTINO AMARILLO",50.46778
2017,10,"LANGOSTINO COLORADO",170.32028
2017,10,"LOCO",208.29574
2017,10,"MACHA",101.59019
2017,10,"MARLIN",27.42752
2017,10,"MARLIN RAYADO",27.42752
2017,10,"MERLUZA COMUN",37.89905
2017,10,"MERLUZA DE COLA",24.77072
2017,10,"MERLUZA DEL ATLANTICO",26.23822
2017,10,"MERLUZA DEL SUR O AUSTRAL",3517.78328
2017,10,"NAVAJUELA",1426.84799
2017,10,"OSTION DEL NORTE",10.28637
2017,10,"OSTION PATAGONICO",2.292
2017,10,"PEJERRATA",9.107
2017,10,"PEJERRATA O GRANADERO ESCAMOSO",9.107
2017,10,"PEJERREY DE MAR",293.84465
2017,10,"PELILLO",113.374
2017,10,"PEPINO DE MAR",42.30038
2017,10,"POTA DEL PACIFICO",62.71098
2017,10,"PULPO DEL NORTE",1.319
2017,10,"PULPO DEL SUR",425.65333
2017,10,"RAYA AGUILA",2.73527
2017,10,"RAYA MOTEADA O NEGRA",2.73527
2017,10,"RAYA VOLANTIN",25.20563
2017,10,"REINETA",67.055
2017,10,"SALMON REY",115112.62707
2017,10,"SARDINA AUSTRAL",3.09644
2017,10,"SARDINA COMUN",3.09644
2017,10,"TRUCHA ARCOIRIS",36299.50065
2017,10,"TUMBAO",6.06
2017,11,"BROTULA",58.01685
2017,11,"CENTOLLA",33.11304
2017,11,"CHOLGA",57.07248
2017,11,"CHORO",57.07248
2017,11,"COJINOBA DEL NORTE / PIAFRI",680.96868
2017,11,"COJINOBA DEL SUR O AZUL",680.96868
2017,11,"COJINOBA MOTEADA",680.96868
2017,11,"CONGRIO COLORADO",14.09225
2017,11,"CONGRIO DORADO",224.71694
2017,11,"CONGRIO NEGRO",14.09225
2017,11,"ERIZO",0.458
2017,11,"GRANADERO GRANDE",2.49705
2017,11,"JAIBA",102.4166
2017,11,"JAIBA LIMON",102.4166
2017,11,"JAIBA MARMOLA",102.4166
2017,11,"JAIBA MORA",102.4166
2017,11,"JAIBA PANCHOTE O CANGREJO",102.4166
2017,11,"JAIBA PELUDA O PACHONA",102.4166
2017,11,"JAIBA REINA",102.4166
2017,11,"JAIBA REMADORA",102.4166
2017,11,"JULIANA O TAWERA",1.59259
2017,11,"MERLUZA COMUN",12.90885
2017,11,"MERLUZA DE COLA",3218.57687
2017,11,"MERLUZA DEL ATLANTICO",73.49451
2017,11,"MERLUZA DEL SUR O AUSTRAL",3237.04637
2017,11,"NAVAJUELA",2.65756
2017,11,"PEJERRATA",2.49705
2017,11,"PEJERRATA O GRANADERO ESCAMOSO",2.49705
2017,11,"PULPO DEL SUR",0.52877
2017,11,"REINETA",1.996
2017,11,"SALMON REY",4352.67014
2017,11,"TRUCHA ARCOIRIS",533.99287
2017,12,"ALBACORA O PEZ ESPADA / IVI HEHEU",155.38737
2017,12,"ALGAS MIXTAS",50.76
2017,12,"BACALAO DE PROFUNDIDAD",906.68466
2017,12,"BROTULA",173.1485
2017,12,"CALAMAR ILLEX O POTA DEL ATLANTICO",1.628
2017,12,"CAROLA",50.76
2017,12,"CENTOLLA",1833.69837
2017,12,"CENTOLLON",802.44641
2017,12,"CHASCON O HUIRO NEGRO",153.271
2017,12,"CHOLGA",28.30186
2017,12,"CHORO",28.30186
2017,12,"COJINOBA DEL NORTE / PIAFRI",1858.84832
2017,12,"COJINOBA DEL SUR O AZUL",1858.84832
2017,12,"COJINOBA MOTEADA",1858.84832
2017,12,"CONGRIO COLORADO",54.9663
2017,12,"CONGRIO DORADO",297.8028
2017,12,"CONGRIO NEGRO",54.9663
2017,12,"ERIZO",1707.02572
2017,12,"GRANADERO GRANDE",91.775
2017,12,"JAIBA",48.74276
2017,12,"JAIBA LIMON",48.74276
2017,12,"JAIBA MARMOLA",48.74276
2017,12,"JAIBA MORA",48.74276
2017,12,"JAIBA PANCHOTE O CANGREJO",48.74276
2017,12,"JAIBA PELUDA O PACHONA",48.74276
2017,12,"JAIBA REINA",48.74276
2017,12,"JAIBA REMADORA",48.74276
2017,12,"JIBIA O CALAMAR ROJO",772.57554
2017,12,"LANGOSTA DE J.FERNANDEZ",0.4
2017,12,"LOCO",1.158
2017,12,"MERLUZA COMUN",12.4142
2017,12,"MERLUZA DE COLA",3051.7045
2017,12,"MERLUZA DE TRES ALETAS",2406.483
2017,12,"MERLUZA DEL ATLANTICO",69.3985
2017,12,"MERLUZA DEL SUR O AUSTRAL",2343.22243
2017,12,"OSTION PATAGONICO",56.81411
2017,12,"PEJERRATA",91.775
2017,12,"PEJERRATA O GRANADERO ESCAMOSO",91.775
2017,12,"POTA DEL PACIFICO",1.628
2017,12,"REINETA",72.0955
2017,12,"SALMON REY",47.88672
2017,12,"TRUCHA ARCOIRIS",6841.78795
2017,13,"ALBACORA O PEZ ESPADA / IVI HEHEU",174.39981
2017,13,"ALGAS MIXTAS",27.357
2017,13,"ATUN ALETA AMARILLA / KAHI AVE AVE",0.061
2017,13,"BACALAO DE PROFUNDIDAD",23.3902
2017,13,"CAMARON NAILON",151.92
2017,13,"CAMARON NAVAJA",12.441
2017,13,"CAROLA",27.357
2017,13,"CENTOLLA",915.28425
2017,13,"CENTOLLON",123.22049
2017,13,"CHASCA",12.0576
2017,13,"CHASCON O HUIRO NEGRO",631.253
2017,13,"CHICOREA DE MAR",47.94
2017,13,"CHOLGA",123.87109
2017,13,"CHORO",123.87109
2017,13,"COCHAYUYO",6.547
2017,13,"ERIZO",36.33
2017,13,"GRANADERO GRANDE",0.196
2017,13,"HUIRO",63.21
2017,13,"JAIBA",349.75841
2017,13,"JAIBA LIMON",349.75841
2017,13,"JAIBA MARMOLA",349.75841
2017,13,"JAIBA MORA",349.75841
2017,13,"JAIBA PANCHOTE O CANGREJO",349.75841
2017,13,"JAIBA PELUDA O PACHONA",349.75841
2017,13,"JAIBA REINA",349.75841
2017,13,"JAIBA REMADORA",349.75841
2017,13,"JIBIA O CALAMAR ROJO",323.5433
2017,13,"JUREL",2072.13
2017,13,"LANGOSTINO AMARILLO",110.37071
2017,13,"LANGOSTINO COLORADO",71.08129
2017,13,"LAPA",0.95361
2017,13,"LAPA BONETE",0.95361
2017,13,"LOCO",42.27769
2017,13,"MERLUZA COMUN",6.01727
2017,13,"MERLUZA DEL SUR O AUSTRAL",40.9168
2017,13,"NAVAJUELA",18.75
2017,13,"OSTION DEL NORTE",50.76863
2017,13,"PEJERRATA",0.196
2017,13,"PEJERRATA O GRANADERO ESCAMOSO",0.196
2017,13,"PEJERREY DE MAR",22.02473
2017,13,"PULPO DEL NORTE",5.70432
2017,13,"SALMON REY",3.893
2017,13,"TRUCHA ARCOIRIS",296.433
2017,14,"CENTOLLA",23.39274
2017,14,"CHOLGA",551.957
2017,14,"CHORO",551.957
2017,14,"JAIBA",9.9385
2017,14,"JAIBA LIMON",9.9385
2017,14,"JAIBA MARMOLA",9.9385
2017,14,"JAIBA MORA",9.9385
2017,14,"JAIBA PANCHOTE O CANGREJO",9.9385
2017,14,"JAIBA PELUDA O PACHONA",9.9385
2017,14,"JAIBA REINA",9.9385
2017,14,"JAIBA REMADORA",9.9385
2017,14,"JIBIA O CALAMAR ROJO",24.7688
2017,14,"LOCO",70.27362
2017,14,"MERLUZA DEL SUR O AUSTRAL",2.56399
2017,14,"SALMON REY",648.57704
2017,14,"TRUCHA ARCOIRIS",2724.84762
2017,15,"ALGAS MIXTAS",0.372
2017,15,"CAROLA",0.372
2017,15,"ERIZO",0.297
2017,15,"JIBIA O CALAMAR ROJO",25.2
2017,15,"PULPO DEL NORTE",6.3
2017,15,"TRUCHA ARCOIRIS",24.39475
2017,20,"CHOLGA",20.28475
2017,20,"CHORO",20.28475
2017,20,"ERIZO",0.534
2017,NA,"ABALON ROJO",0.0142
2017,NA,"ALGAS MIXTAS",0.15
2017,NA,"ATUN ALETA LARGA",0.005
2017,NA,"BACALAO ANTARTICO",0.023
2017,NA,"BACALAO DE J.FERNANDEZ / KOPUKU HAHA ROA",0.016
2017,NA,"CABALLA",0.127
2017,NA,"CAMARON NAILON",0.28
2017,NA,"CAROLA",0.15
2017,NA,"CENTOLLA",0.715
2017,NA,"CENTOLLA DEL NORTE",0.038
2017,NA,"CENTOLLON",0.559
2017,NA,"CENTOLLON DEL NORTE",0.09
2017,NA,"CHASCON O HUIRO NEGRO",0.003
2017,NA,"CHICOREA DE MAR",0.125
2017,NA,"CHOLGA",0.202
2017,NA,"CHORITO",0.07083
2017,NA,"CHORO",0.202
2017,NA,"ERIZO",0.335
2017,NA,"JAIBA",0.58182
2017,NA,"JAIBA LIMON",0.58182
2017,NA,"JAIBA MARMOLA",0.58182
2017,NA,"JAIBA MORA",0.58182
2017,NA,"JAIBA PANCHOTE O CANGREJO",0.58182
2017,NA,"JAIBA PELUDA O PACHONA",0.58182
2017,NA,"JAIBA REINA",0.58182
2017,NA,"JAIBA REMADORA",0.58182
2017,NA,"JIBIA O CALAMAR ROJO",0.074
2017,NA,"LOCO",0.01
2017,NA,"MERLUZA COMUN",0.1558
2017,NA,"MERLUZA DEL ATLANTICO",0.083
2017,NA,"MERLUZA DEL SUR O AUSTRAL",0.201
2017,NA,"OSTION DEL NORTE",0.0262
2017,NA,"PEPINO DE MAR",0.00835
2017,NA,"PULPO DEL NORTE",0.06059
2017,NA,"PULPO DEL SUR",0.175
2017,NA,"SALMON REY",0.1892
2017,NA,"TRUCHA ARCOIRIS",0.095
2018,0,"ABALON ROJO",0.01
2018,0,"ALBACORA O PEZ ESPADA / IVI HEHEU",0.162
2018,0,"ALGAS MIXTAS",0.1295
2018,0,"ATUN ALETA LARGA",0.0426
2018,0,"CAMARON NAILON",0.4888
2018,0,"CARACOL LOCATE",0.016
2018,0,"CAROLA",0.1295
2018,0,"CENTOLLA",0.03
2018,0,"CENTOLLON",0.1515
2018,0,"CHASCA",0.204
2018,0,"CHOLGA",0.51867
2018,0,"CHORITO",0.139
2018,0,"CHORO",0.51867
2018,0,"ERIZO",0.196
2018,0,"JAIBA",0.183
2018,0,"JAIBA LIMON",0.183
2018,0,"JAIBA MARMOLA",0.183
2018,0,"JAIBA MORA",0.183
2018,0,"JAIBA PANCHOTE O CANGREJO",0.183
2018,0,"JAIBA PELUDA O PACHONA",0.183
2018,0,"JAIBA REINA",0.183
2018,0,"JAIBA REMADORA",0.183
2018,0,"JULIANA O TAWERA",0.06
2018,0,"JUREL",0.1035
2018,0,"LANGOSTINO AMARILLO",0.01358
2018,0,"LANGOSTINO COLORADO",0.0693
2018,0,"MERLUZA COMUN",0.027
2018,0,"MERLUZA DEL SUR O AUSTRAL",0.02193
2018,0,"OSTION DEL NORTE",0.098
2018,0,"SALMON REY",0.49298
2018,0,"TRUCHA ARCOIRIS",0.16396
2018,1,"ALBACORA O PEZ ESPADA / IVI HEHEU",70.75
2018,1,"ALGAS MIXTAS",3.585
2018,1,"CAMARON ECUATORIANO O PENAEUE",2.2
2018,1,"CAMARON NAVAJA",0.55
2018,1,"CARACOL LOCATE",25.75802
2018,1,"CAROLA",3.585
2018,1,"CENTOLLON DEL NORTE",1.1
2018,1,"CHASCON O HUIRO NEGRO",2089.14
2018,1,"ERIZO",18.733
2018,1,"HUIRO",161.952
2018,1,"PULPO DEL NORTE",25.028
2018,2,"CHASCON O HUIRO NEGRO",7540.5746
2018,2,"CHOLGA",4.47174
2018,2,"CHORO",4.47174
2018,2,"COCHAYUYO",39.188
2018,2,"HUIRO",53.316
2018,2,"JULIANA O TAWERA",2.12
2018,2,"PULPO DEL NORTE",320.52113
2018,2,"SALMON REY",24.09944
2018,3,"ABALON JAPONES",7.0011
2018,3,"ABALON ROJO",57.78
2018,3,"ALGAS MIXTAS",274.996
2018,3,"CAROLA",274.996
2018,3,"CENTOLLA",12.22753
2018,3,"CHASCON O HUIRO NEGRO",14290.0037
2018,3,"CHICOREA DE MAR",119
2018,3,"COCHAYUYO",124.512
2018,3,"ERIZO",3.257
2018,3,"HUIRO",264.49
2018,3,"JIBIA O CALAMAR ROJO",24.96
2018,3,"LAPA",65.8398
2018,3,"LAPA BONETE",65.8398
2018,3,"LOCO",4.131
2018,3,"PELILLO",64.443
2018,3,"PULPO DEL NORTE",25.2
2018,4,"ABALON ROJO",2.683
2018,4,"ALBACORA O PEZ ESPADA / IVI HEHEU",88.778
2018,4,"ALGAS MIXTAS",813.877
2018,4,"AZULEJO",0.043
2018,4,"BACALAO DE PROFUNDIDAD",14.23
2018,4,"CABALLA",56.16
2018,4,"CAMARON NAILON",223.74
2018,4,"CARACOL LOCATE",17.852
2018,4,"CAROLA",813.877
2018,4,"CENTOLLA",0.39707
2018,4,"CHASCON O HUIRO NEGRO",6351.0652
2018,4,"CHICOREA DE MAR",250.028
2018,4,"COCHAYUYO",110.059
2018,4,"COJINOBA DEL NORTE / PIAFRI",28.08
2018,4,"COJINOBA DEL SUR O AZUL",28.08
2018,4,"COJINOBA MOTEADA",28.08
2018,4,"HUIRO",173.2
2018,4,"JAIBA",0.108
2018,4,"JAIBA LIMON",0.108
2018,4,"JAIBA MARMOLA",0.108
2018,4,"JAIBA MORA",0.108
2018,4,"JAIBA PANCHOTE O CANGREJO",0.108
2018,4,"JAIBA PELUDA O PACHONA",0.108
2018,4,"JAIBA REINA",0.108
2018,4,"JAIBA REMADORA",0.108
2018,4,"JIBIA O CALAMAR ROJO",4864.7252
2018,4,"JUREL",964.758
2018,4,"LANGOSTA DE J.FERNANDEZ",19.41025
2018,4,"LANGOSTINO AMARILLO",76.2548
2018,4,"LANGOSTINO COLORADO",13.7012
2018,4,"LOCO",71.48684
2018,4,"OSTION DEL NORTE",540.8709
2018,4,"OSTRA DEL PACIFICO",4.85
2018,4,"PEJERREY DE MAR",6.835
2018,4,"PELILLO",124.324
2018,4,"PULPO DEL NORTE",8.17
2018,4,"TIBURON O MARRAJO DENTUDO",1.144
2018,5,"ALBACORA O PEZ ESPADA / IVI HEHEU",542.1708
2018,5,"BACALAO DE PROFUNDIDAD",72.961
2018,5,"CAMARON NAILON",220.0695
2018,5,"CENTOLLA",201.00225
2018,5,"CENTOLLON",125.20877
2018,5,"CHASCA",20.843
2018,5,"CHASCON O HUIRO NEGRO",5.116
2018,5,"CHOLGA",135.798
2018,5,"CHORO",135.798
2018,5,"COCHAYUYO",25.95
2018,5,"HUIRO",21.02
2018,5,"JAIBA",9.808
2018,5,"JAIBA LIMON",9.808
2018,5,"JAIBA MARMOLA",9.808
2018,5,"JAIBA MORA",9.808
2018,5,"JAIBA PANCHOTE O CANGREJO",9.808
2018,5,"JAIBA PELUDA O PACHONA",9.808
2018,5,"JAIBA REINA",9.808
2018,5,"JAIBA REMADORA",9.808
2018,5,"JIBIA O CALAMAR ROJO",9796.94762
2018,5,"JULIANA O TAWERA",3.155
2018,5,"LANGOSTA DE J.FERNANDEZ",20.66185
2018,5,"LANGOSTINO AMARILLO",0.011
2018,5,"LOCO",66.769
2018,5,"MERLUZA COMUN",6.444
2018,5,"MERLUZA DEL SUR O AUSTRAL",0.212
2018,5,"OSTION DEL NORTE",1.313
2018,5,"OSTION PATAGONICO",57.91645
2018,5,"PELILLO",4.979
2018,5,"PULPO DEL NORTE",114.253
2018,5,"SALMON REY",3.708
2018,5,"TRUCHA ARCOIRIS",21.49921
2018,6,"CHASCON O HUIRO NEGRO",234.969
2018,6,"COCHAYUYO",112.002
2018,6,"JUREL",19
2018,6,"SALMON REY",238.42363
2018,6,"TRUCHA ARCOIRIS",66.243
2018,7,"COCHAYUYO",14.6
2018,7,"JAIBA",9
2018,7,"JAIBA LIMON",9
2018,7,"JAIBA MARMOLA",9
2018,7,"JAIBA MORA",9
2018,7,"JAIBA PANCHOTE O CANGREJO",9
2018,7,"JAIBA PELUDA O PACHONA",9
2018,7,"JAIBA REINA",9
2018,7,"JAIBA REMADORA",9
2018,7,"JIBIA O CALAMAR ROJO",557.698
2018,8,"ABALON ROJO",2.888
2018,8,"ALBACORA O PEZ ESPADA / IVI HEHEU",120.64125
2018,8,"ALGAS MIXTAS",2333.957
2018,8,"BACALAO DE PROFUNDIDAD",37.07404
2018,8,"CABALLA",3060.6154
2018,8,"CARACOL PALO PALO",5.31477
2018,8,"CAROLA",2333.957
2018,8,"CENTOLLA",30.18903
2018,8,"CENTOLLON",53.30665
2018,8,"CHASCA",15.858
2018,8,"CHASCON O HUIRO NEGRO",100.64238
2018,8,"CHICOREA DE MAR",345.614
2018,8,"CHOLGA",1196.66756
2018,8,"CHORO",1196.66756
2018,8,"COCHAYUYO",1827.07722
2018,8,"CONGRIO COLORADO",6.123
2018,8,"CONGRIO DORADO",6.123
2018,8,"CONGRIO NEGRO",6.123
2018,8,"CULENGUE",80.10376
2018,8,"ERIZO",3.08
2018,8,"HUEPO O NAVAJA DE MAR",352.23682
2018,8,"HUIRO",743.367
2018,8,"JAIBA",44.50469
2018,8,"JAIBA LIMON",44.50469
2018,8,"JAIBA MARMOLA",44.50469
2018,8,"JAIBA MORA",44.50469
2018,8,"JAIBA PANCHOTE O CANGREJO",44.50469
2018,8,"JAIBA PELUDA O PACHONA",44.50469
2018,8,"JAIBA REINA",44.50469
2018,8,"JAIBA REMADORA",44.50469
2018,8,"JIBIA O CALAMAR ROJO",25710.76241
2018,8,"JUREL",102488.6767
2018,8,"LANGOSTINO AMARILLO",64.41367
2018,8,"LANGOSTINO COLORADO",374.08833
2018,8,"LOCO",69.4858
2018,8,"MERLUZA COMUN",1009.404
2018,8,"MERLUZA DE COLA",2109.324
2018,8,"MERLUZA DEL ATLANTICO",6.252
2018,8,"MERLUZA DEL SUR O AUSTRAL",6.252
2018,8,"NAVAJUELA",245.41656
2018,8,"PELILLO",169.89
2018,8,"PEPINO DE MAR",12.599
2018,8,"REINETA",354.332
2018,8,"ROBALO",6.403
2018,8,"TIBURON O MARRAJO DENTUDO",18.6562
2018,8,"TRUCHA ARCOIRIS",2.22804
2018,9,"MERLUZA DEL SUR O AUSTRAL",23.8
2018,10,"ABALON ROJO",22.218
2018,10,"ALBACORA O PEZ ESPADA / IVI HEHEU",168.95588
2018,10,"ALGAS MIXTAS",804.381
2018,10,"ALMEJA",3.7465
2018,10,"ALMEJA O TACA",3.7465
2018,10,"BACALAO ANTARTICO",2.64874
2018,10,"BACALAO DE PROFUNDIDAD",84.51487
2018,10,"CABALLA",298.23462
2018,10,"CARACOL PALO PALO",6.072
2018,10,"CAROLA",804.381
2018,10,"CENTOLLA",311.20954
2018,10,"CENTOLLON",36.02555
2018,10,"CHASCA",8.248
2018,10,"CHICOREA DE MAR",8.064
2018,10,"CHOLGA",57220.5842
2018,10,"CHORITO",98.30351
2018,10,"CHORO",57220.5842
2018,10,"COCHAYUYO",47.9865
2018,10,"CULENGUE",82.7179
2018,10,"ERIZO",416.40864
2018,10,"GRANADERO GRANDE",3.946
2018,10,"HUEPO O NAVAJA DE MAR",167.67621
2018,10,"JAIBA",303.09316
2018,10,"JAIBA LIMON",303.09316
2018,10,"JAIBA MARMOLA",303.09316
2018,10,"JAIBA MORA",303.09316
2018,10,"JAIBA PANCHOTE O CANGREJO",303.09316
2018,10,"JAIBA PELUDA O PACHONA",303.09316
2018,10,"JAIBA REINA",303.09316
2018,10,"JAIBA REMADORA",303.09316
2018,10,"JIBIA O CALAMAR ROJO",5498.9937
2018,10,"JULIANA O TAWERA",1035.64812
2018,10,"JUREL",9063.986
2018,10,"LOCO",127.96957
2018,10,"MACHA",5.05527
2018,10,"MERLUZA COMUN",28.4778
2018,10,"MERLUZA DEL SUR O AUSTRAL",2207.18156
2018,10,"NAVAJUELA",350.32108
2018,10,"OSTION DEL NORTE",3.716
2018,10,"PEJERRATA",3.946
2018,10,"PEJERRATA O GRANADERO ESCAMOSO",3.946
2018,10,"PEJERREY DE MAR",18.568
2018,10,"PELILLO",296.6
2018,10,"PEPINO DE MAR",8.5637
2018,10,"PULPO DEL NORTE",16.174
2018,10,"PULPO DEL SUR",163.23621
2018,10,"RAYA AGUILA",31.21815
2018,10,"RAYA MOTEADA O NEGRA",31.21815
2018,10,"RAYA VOLANTIN",249.15173
2018,10,"REINETA",7.73505
2018,10,"SALMON REY",73005.92576
2018,10,"TRUCHA ARCOIRIS",29261.84813
2018,10,"TUMBAO",12
2018,11,"BACALAO DE PROFUNDIDAD",12.8858
2018,11,"BROTULA",2.857
2018,11,"CENTOLLA",0.23484
2018,11,"CHOLGA",23.1
2018,11,"CHORO",23.1
2018,11,"COCHAYUYO",11.247
2018,11,"COJINOBA DEL NORTE / PIAFRI",291.716
2018,11,"COJINOBA DEL SUR O AZUL",291.716
2018,11,"COJINOBA MOTEADA",291.716
2018,11,"CONGRIO COLORADO",19.07599
2018,11,"CONGRIO DORADO",20.22119
2018,11,"CONGRIO NEGRO",19.07599
2018,11,"CULENGUE",7.17
2018,11,"GRANADERO GRANDE",7.4531
2018,11,"JAIBA",46.62314
2018,11,"JAIBA LIMON",46.62314
2018,11,"JAIBA MARMOLA",46.62314
2018,11,"JAIBA MORA",46.62314
2018,11,"JAIBA PANCHOTE O CANGREJO",46.62314
2018,11,"JAIBA PELUDA O PACHONA",46.62314
2018,11,"JAIBA REINA",46.62314
2018,11,"JAIBA REMADORA",46.62314
2018,11,"MERLUZA COMUN",11.53461
2018,11,"MERLUZA DE COLA",621.76636
2018,11,"MERLUZA DE TRES ALETAS",0.6385
2018,11,"MERLUZA DEL ATLANTICO",26.27404
2018,11,"MERLUZA DEL SUR O AUSTRAL",1995.22952
2018,11,"PEJERRATA",7.4531
2018,11,"PEJERRATA O GRANADERO ESCAMOSO",7.4531
2018,11,"PELILLO",40.17
2018,11,"SALMON REY",129.56206
2018,11,"TRUCHA ARCOIRIS",34.993
2018,12,"ALBACORA O PEZ ESPADA / IVI HEHEU",50.48325
2018,12,"ALGAS MIXTAS",25.21
2018,12,"BACALAO ANTARTICO",0.15058
2018,12,"BACALAO DE PROFUNDIDAD",551.31316
2018,12,"BROTULA",90.6829
2018,12,"CALAMAR ILLEX O POTA DEL ATLANTICO",143.544
2018,12,"CAROLA",25.21
2018,12,"CENTOLLA",549.27692
2018,12,"CENTOLLON",549.21295
2018,12,"COJINOBA DEL NORTE / PIAFRI",1017.3564
2018,12,"COJINOBA DEL SUR O AZUL",1017.3564
2018,12,"COJINOBA MOTEADA",1017.3564
2018,12,"CONGRIO COLORADO",23.777
2018,12,"CONGRIO DORADO",109.6613
2018,12,"CONGRIO NEGRO",23.777
2018,12,"DRACO RAYADO",37.55753
2018,12,"ERIZO",743.45151
2018,12,"GRANADERO GRANDE",84.35628
2018,12,"HUEPO O NAVAJA DE MAR",23.863
2018,12,"JAIBA",58.36003
2018,12,"JAIBA LIMON",58.36003
2018,12,"JAIBA MARMOLA",58.36003
2018,12,"JAIBA MORA",58.36003
2018,12,"JAIBA PANCHOTE O CANGREJO",58.36003
2018,12,"JAIBA PELUDA O PACHONA",58.36003
2018,12,"JAIBA REINA",58.36003
2018,12,"JAIBA REMADORA",58.36003
2018,12,"JIBIA O CALAMAR ROJO",54.634
2018,12,"JULIANA O TAWERA",6.061
2018,12,"LOCO",0.374
2018,12,"MERLUZA COMUN",4.2251
2018,12,"MERLUZA DE COLA",1425.137
2018,12,"MERLUZA DE TRES ALETAS",718.332
2018,12,"MERLUZA DEL SUR O AUSTRAL",907.30954
2018,12,"OSTION PATAGONICO",85.5638
2018,12,"PEJERRATA",84.35628
2018,12,"PEJERRATA O GRANADERO ESCAMOSO",84.35628
2018,12,"POTA DEL PACIFICO",143.544
2018,12,"REINETA",1.4246
2018,12,"TRUCHA ARCOIRIS",436.13075
2018,13,"ALBACORA O PEZ ESPADA / IVI HEHEU",127.69157
2018,13,"ATUN ALETA AMARILLA / KAHI AVE AVE",0.053
2018,13,"BACALAO ANTARTICO",4.02854
2018,13,"BACALAO DE PROFUNDIDAD",21.63442
2018,13,"CENTOLLA",198.76465
2018,13,"CENTOLLON",106.61513
2018,13,"CHASCA",14.5787
2018,13,"CHASCON O HUIRO NEGRO",26.7
2018,13,"CHICOREA DE MAR",188.357
2018,13,"CHOLGA",135.89294
2018,13,"CHORO",135.89294
2018,13,"COCHAYUYO",0.4
2018,13,"ERIZO",0.195
2018,13,"GRANADERO GRANDE",0.012
2018,13,"JAIBA",193.4819
2018,13,"JAIBA LIMON",193.4819
2018,13,"JAIBA MARMOLA",193.4819
2018,13,"JAIBA MORA",193.4819
2018,13,"JAIBA PANCHOTE O CANGREJO",193.4819
2018,13,"JAIBA PELUDA O PACHONA",193.4819
2018,13,"JAIBA REINA",193.4819
2018,13,"JAIBA REMADORA",193.4819
2018,13,"JIBIA O CALAMAR ROJO",224.68945
2018,13,"JULIANA O TAWERA",19.591
2018,13,"JUREL",925.751
2018,13,"LOCO",0.4679
2018,13,"MERLUZA DEL SUR O AUSTRAL",4.661
2018,13,"OSTION DEL NORTE",605.7436
2018,13,"OSTION PATAGONICO",15.94252
2018,13,"PEJERRATA",0.012
2018,13,"PEJERRATA O GRANADERO ESCAMOSO",0.012
2018,13,"PELILLO",9.5437
2018,13,"PULPO DEL NORTE",2.231
2018,13,"SALMON REY",25.649
2018,13,"TRUCHA ARCOIRIS",7.202
2018,14,"CHOLGA",186.006
2018,14,"CHORO",186.006
2018,14,"SALMON REY",216.39872
2018,14,"TRUCHA ARCOIRIS",565.44795
2018,15,"ALGAS MIXTAS",37.626
2018,15,"CAROLA",37.626
2018,15,"CENTOLLA",0.57766
2018,20,"SARDINA AUSTRAL",2.18032
2018,20,"SARDINA COMUN",2.18032
2018,NA,"ALGAS MIXTAS",0.011
2018,NA,"BACALAO ANTARTICO",0.06
2018,NA,"BONITO",0.104
2018,NA,"CAMARON NAILON",0.022
2018,NA,"CAROLA",0.011
2018,NA,"CENTOLLA",0.205
2018,NA,"CENTOLLON",0.093
2018,NA,"CHOLGA",0.36788
2018,NA,"CHORITO",0.144
2018,NA,"CHORO",0.36788
2018,NA,"ERIZO",0.044
2018,NA,"GRANADERO GRANDE",0.005
2018,NA,"HUEPO O NAVAJA DE MAR",0.025
2018,NA,"JAIBA",0.175
2018,NA,"JAIBA LIMON",0.175
2018,NA,"JAIBA MARMOLA",0.175
2018,NA,"JAIBA MORA",0.175
2018,NA,"JAIBA PANCHOTE O CANGREJO",0.175
2018,NA,"JAIBA PELUDA O PACHONA",0.175
2018,NA,"JAIBA REINA",0.175
2018,NA,"JAIBA REMADORA",0.175
2018,NA,"JIBIA O CALAMAR ROJO",0.0645
2018,NA,"JUREL",0.027
2018,NA,"JUREL DE JUAN FERNANDEZ",0.026
2018,NA,"JUREL FINO",0.026
2018,NA,"LOCO",0.03
2018,NA,"MARLIN",0.026
2018,NA,"MARLIN RAYADO",0.026
2018,NA,"MERLUZA DEL SUR O AUSTRAL",0.00476
2018,NA,"OSTION PATAGONICO",0.0026
2018,NA,"PEJERRATA",0.005
2018,NA,"PEJERRATA O GRANADERO ESCAMOSO",0.005
2018,NA,"PEPINO DE MAR",0.0612
2018,NA,"PULPO DEL NORTE",0.081
2018,NA,"SALMON REY",0.104
