"year","region","sc_name","total_NHC"
2013,"I","Brama australis",0
2013,"I","Dosidicus gigas",29
2013,"I","Engraulis ringens",406246
2013,"I","Ethmidium maculatum",0
2013,"I","Isacia conceptionis",0
2013,"I","Loligo gahi",0
2013,"I","Macruronus magellanicus",0
2013,"I","Normanichthys crockeri",545
2013,"I","Odontesthes regia",24
2013,"I","Pescado",0
2013,"I","Pleuroncodes sp",26
2013,"I","Sardinops sagax",0
2013,"I","Scomber japonicus",5505
2013,"I","Scomberesox saurus scombroides",7760
2013,"I","Sprattus fuegensis",0
2013,"I","Strangomera bentincki",0
2013,"I","Stromateus stellatus",0
2013,"I","Trachurus murphyi",8243
2013,"II","Brama australis",0
2013,"II","Dosidicus gigas",26
2013,"II","Engraulis ringens",100779
2013,"II","Ethmidium maculatum",0
2013,"II","Isacia conceptionis",0
2013,"II","Loligo gahi",0
2013,"II","Macruronus magellanicus",0
2013,"II","Normanichthys crockeri",0
2013,"II","Odontesthes regia",0
2013,"II","Pescado",2
2013,"II","Pleuroncodes sp",0
2013,"II","Sardinops sagax",0
2013,"II","Scomber japonicus",749
2013,"II","Scomberesox saurus scombroides",264
2013,"II","Sprattus fuegensis",0
2013,"II","Strangomera bentincki",0
2013,"II","Stromateus stellatus",0
2013,"II","Trachurus murphyi",3827
2013,"III","Brama australis",0
2013,"III","Dosidicus gigas",113
2013,"III","Engraulis ringens",22079
2013,"III","Ethmidium maculatum",0
2013,"III","Isacia conceptionis",0
2013,"III","Loligo gahi",0
2013,"III","Macruronus magellanicus",0
2013,"III","Normanichthys crockeri",11754
2013,"III","Odontesthes regia",0
2013,"III","Pescado",0
2013,"III","Pleuroncodes sp",0
2013,"III","Sardinops sagax",0
2013,"III","Scomber japonicus",7256
2013,"III","Scomberesox saurus scombroides",0
2013,"III","Sprattus fuegensis",0
2013,"III","Strangomera bentincki",0
2013,"III","Stromateus stellatus",0
2013,"III","Trachurus murphyi",2900
2013,"IV","Brama australis",0
2013,"IV","Dosidicus gigas",1520
2013,"IV","Engraulis ringens",11937
2013,"IV","Ethmidium maculatum",3651
2013,"IV","Isacia conceptionis",1
2013,"IV","Loligo gahi",0
2013,"IV","Macruronus magellanicus",0
2013,"IV","Normanichthys crockeri",1223
2013,"IV","Odontesthes regia",0
2013,"IV","Pescado",33
2013,"IV","Pleuroncodes sp",0
2013,"IV","Sardinops sagax",7
2013,"IV","Scomber japonicus",1281
2013,"IV","Scomberesox saurus scombroides",0
2013,"IV","Sprattus fuegensis",0
2013,"IV","Strangomera bentincki",0
2013,"IV","Stromateus stellatus",0
2013,"IV","Trachurus murphyi",12608
2013,"IX","Brama australis",0
2013,"IX","Dosidicus gigas",0
2013,"IX","Engraulis ringens",0
2013,"IX","Ethmidium maculatum",0
2013,"IX","Isacia conceptionis",0
2013,"IX","Loligo gahi",0
2013,"IX","Macruronus magellanicus",0
2013,"IX","Normanichthys crockeri",0
2013,"IX","Odontesthes regia",0
2013,"IX","Pescado",0
2013,"IX","Pleuroncodes sp",0
2013,"IX","Sardinops sagax",0
2013,"IX","Scomber japonicus",0
2013,"IX","Scomberesox saurus scombroides",0
2013,"IX","Sprattus fuegensis",0
2013,"IX","Strangomera bentincki",0
2013,"IX","Stromateus stellatus",0
2013,"IX","Trachurus murphyi",0
2013,"RM","Brama australis",0
2013,"RM","Dosidicus gigas",0
2013,"RM","Engraulis ringens",0
2013,"RM","Ethmidium maculatum",0
2013,"RM","Isacia conceptionis",0
2013,"RM","Loligo gahi",0
2013,"RM","Macruronus magellanicus",0
2013,"RM","Normanichthys crockeri",0
2013,"RM","Odontesthes regia",0
2013,"RM","Pescado",0
2013,"RM","Pleuroncodes sp",0
2013,"RM","Sardinops sagax",0
2013,"RM","Scomber japonicus",0
2013,"RM","Scomberesox saurus scombroides",0
2013,"RM","Sprattus fuegensis",0
2013,"RM","Strangomera bentincki",0
2013,"RM","Stromateus stellatus",0
2013,"RM","Trachurus murphyi",0
2013,"V","Brama australis",0
2013,"V","Dosidicus gigas",0
2013,"V","Engraulis ringens",4460
2013,"V","Ethmidium maculatum",372
2013,"V","Isacia conceptionis",0
2013,"V","Loligo gahi",0
2013,"V","Macruronus magellanicus",0
2013,"V","Normanichthys crockeri",3161
2013,"V","Odontesthes regia",0
2013,"V","Pescado",0
2013,"V","Pleuroncodes sp",0
2013,"V","Sardinops sagax",0
2013,"V","Scomber japonicus",0
2013,"V","Scomberesox saurus scombroides",0
2013,"V","Sprattus fuegensis",0
2013,"V","Strangomera bentincki",5120
2013,"V","Stromateus stellatus",4
2013,"V","Trachurus murphyi",0
2013,"VI","Brama australis",0
2013,"VI","Dosidicus gigas",0
2013,"VI","Engraulis ringens",0
2013,"VI","Ethmidium maculatum",0
2013,"VI","Isacia conceptionis",0
2013,"VI","Loligo gahi",0
2013,"VI","Macruronus magellanicus",0
2013,"VI","Normanichthys crockeri",0
2013,"VI","Odontesthes regia",0
2013,"VI","Pescado",0
2013,"VI","Pleuroncodes sp",0
2013,"VI","Sardinops sagax",0
2013,"VI","Scomber japonicus",0
2013,"VI","Scomberesox saurus scombroides",0
2013,"VI","Sprattus fuegensis",0
2013,"VI","Strangomera bentincki",0
2013,"VI","Stromateus stellatus",0
2013,"VI","Trachurus murphyi",0
2013,"VII","Brama australis",0
2013,"VII","Dosidicus gigas",0
2013,"VII","Engraulis ringens",0
2013,"VII","Ethmidium maculatum",0
2013,"VII","Isacia conceptionis",0
2013,"VII","Loligo gahi",0
2013,"VII","Macruronus magellanicus",0
2013,"VII","Normanichthys crockeri",0
2013,"VII","Odontesthes regia",0
2013,"VII","Pescado",0
2013,"VII","Pleuroncodes sp",0
2013,"VII","Sardinops sagax",0
2013,"VII","Scomber japonicus",0
2013,"VII","Scomberesox saurus scombroides",0
2013,"VII","Sprattus fuegensis",0
2013,"VII","Strangomera bentincki",0
2013,"VII","Stromateus stellatus",0
2013,"VII","Trachurus murphyi",0
2013,"VIII","Brama australis",3
2013,"VIII","Dosidicus gigas",1513
2013,"VIII","Engraulis ringens",34188
2013,"VIII","Ethmidium maculatum",2402
2013,"VIII","Isacia conceptionis",0
2013,"VIII","Loligo gahi",12
2013,"VIII","Macruronus magellanicus",4771
2013,"VIII","Normanichthys crockeri",28890
2013,"VIII","Odontesthes regia",5
2013,"VIII","Pescado",169
2013,"VIII","Pleuroncodes sp",0
2013,"VIII","Sardinops sagax",0
2013,"VIII","Scomber japonicus",8750
2013,"VIII","Scomberesox saurus scombroides",4
2013,"VIII","Sprattus fuegensis",0
2013,"VIII","Strangomera bentincki",178575
2013,"VIII","Stromateus stellatus",1196
2013,"VIII","Trachurus murphyi",35425
2013,"X","Brama australis",0
2013,"X","Dosidicus gigas",0
2013,"X","Engraulis ringens",180
2013,"X","Ethmidium maculatum",0
2013,"X","Isacia conceptionis",0
2013,"X","Loligo gahi",0
2013,"X","Macruronus magellanicus",0
2013,"X","Normanichthys crockeri",38
2013,"X","Odontesthes regia",0
2013,"X","Pescado",1
2013,"X","Pleuroncodes sp",1
2013,"X","Sardinops sagax",0
2013,"X","Scomber japonicus",0
2013,"X","Scomberesox saurus scombroides",0
2013,"X","Sprattus fuegensis",20957
2013,"X","Strangomera bentincki",4646
2013,"X","Stromateus stellatus",0
2013,"X","Trachurus murphyi",4
2013,"XI","Brama australis",0
2013,"XI","Dosidicus gigas",0
2013,"XI","Engraulis ringens",0
2013,"XI","Ethmidium maculatum",0
2013,"XI","Isacia conceptionis",0
2013,"XI","Loligo gahi",0
2013,"XI","Macruronus magellanicus",0
2013,"XI","Normanichthys crockeri",0
2013,"XI","Odontesthes regia",0
2013,"XI","Pescado",0
2013,"XI","Pleuroncodes sp",0
2013,"XI","Sardinops sagax",0
2013,"XI","Scomber japonicus",0
2013,"XI","Scomberesox saurus scombroides",0
2013,"XI","Sprattus fuegensis",0
2013,"XI","Strangomera bentincki",0
2013,"XI","Stromateus stellatus",0
2013,"XI","Trachurus murphyi",0
2013,"XII","Brama australis",0
2013,"XII","Dosidicus gigas",0
2013,"XII","Engraulis ringens",0
2013,"XII","Ethmidium maculatum",0
2013,"XII","Isacia conceptionis",0
2013,"XII","Loligo gahi",0
2013,"XII","Macruronus magellanicus",0
2013,"XII","Normanichthys crockeri",0
2013,"XII","Odontesthes regia",0
2013,"XII","Pescado",0
2013,"XII","Pleuroncodes sp",0
2013,"XII","Sardinops sagax",0
2013,"XII","Scomber japonicus",0
2013,"XII","Scomberesox saurus scombroides",0
2013,"XII","Sprattus fuegensis",0
2013,"XII","Strangomera bentincki",0
2013,"XII","Stromateus stellatus",0
2013,"XII","Trachurus murphyi",0
2013,"XIV","Brama australis",0
2013,"XIV","Dosidicus gigas",0
2013,"XIV","Engraulis ringens",3311
2013,"XIV","Ethmidium maculatum",0
2013,"XIV","Isacia conceptionis",0
2013,"XIV","Loligo gahi",0
2013,"XIV","Macruronus magellanicus",0
2013,"XIV","Normanichthys crockeri",8358
2013,"XIV","Odontesthes regia",1
2013,"XIV","Pescado",0
2013,"XIV","Pleuroncodes sp",0
2013,"XIV","Sardinops sagax",0
2013,"XIV","Scomber japonicus",0
2013,"XIV","Scomberesox saurus scombroides",0
2013,"XIV","Sprattus fuegensis",0
2013,"XIV","Strangomera bentincki",44880
2013,"XIV","Stromateus stellatus",429
2013,"XIV","Trachurus murphyi",0
2013,"XV","Brama australis",0
2013,"XV","Dosidicus gigas",1
2013,"XV","Engraulis ringens",196271
2013,"XV","Ethmidium maculatum",1098
2013,"XV","Isacia conceptionis",0
2013,"XV","Loligo gahi",0
2013,"XV","Macruronus magellanicus",0
2013,"XV","Normanichthys crockeri",13
2013,"XV","Odontesthes regia",4
2013,"XV","Pescado",0
2013,"XV","Pleuroncodes sp",0
2013,"XV","Sardinops sagax",0
2013,"XV","Scomber japonicus",1245
2013,"XV","Scomberesox saurus scombroides",24
2013,"XV","Sprattus fuegensis",0
2013,"XV","Strangomera bentincki",0
2013,"XV","Stromateus stellatus",0
2013,"XV","Trachurus murphyi",3940
2014,"I","Brama australis",0
2014,"I","Cilus gilberti",0
2014,"I","Dosidicus gigas",58
2014,"I","Engraulis ringens",383043
2014,"I","Ethmidium maculatum",0
2014,"I","Isacia conceptionis",0
2014,"I","Loligo gahi",0
2014,"I","Macruronus magellanicus",0
2014,"I","Normanichthys crockeri",12
2014,"I","Odontesthes regia",18
2014,"I","Pescado",0
2014,"I","Pleuroncodes monodon",0
2014,"I","Pleuroncodes sp",130
2014,"I","Sardinops sagax",0
2014,"I","Sciaena deliciosa",0
2014,"I","Scomber japonicus",4368
2014,"I","Scomberesox saurus scombroides",360
2014,"I","Seriolella caerulea",0
2014,"I","Sprattus fuegensis",0
2014,"I","Strangomera bentincki",0
2014,"I","Stromateus stellatus",0
2014,"I","Thyrsites atun",0
2014,"I","Trachurus murphyi",13071
2014,"II","Brama australis",0
2014,"II","Cilus gilberti",0
2014,"II","Dosidicus gigas",12
2014,"II","Engraulis ringens",77228
2014,"II","Ethmidium maculatum",0
2014,"II","Isacia conceptionis",0
2014,"II","Loligo gahi",0
2014,"II","Macruronus magellanicus",0
2014,"II","Normanichthys crockeri",0
2014,"II","Odontesthes regia",2
2014,"II","Pescado",135
2014,"II","Pleuroncodes monodon",0
2014,"II","Pleuroncodes sp",0
2014,"II","Sardinops sagax",89
2014,"II","Sciaena deliciosa",0
2014,"II","Scomber japonicus",2308
2014,"II","Scomberesox saurus scombroides",22
2014,"II","Seriolella caerulea",0
2014,"II","Sprattus fuegensis",0
2014,"II","Strangomera bentincki",0
2014,"II","Stromateus stellatus",0
2014,"II","Thyrsites atun",0
2014,"II","Trachurus murphyi",3107
2014,"III","Brama australis",0
2014,"III","Cilus gilberti",0
2014,"III","Dosidicus gigas",0
2014,"III","Engraulis ringens",3418
2014,"III","Ethmidium maculatum",0
2014,"III","Isacia conceptionis",8
2014,"III","Loligo gahi",0
2014,"III","Macruronus magellanicus",0
2014,"III","Normanichthys crockeri",510
2014,"III","Odontesthes regia",0
2014,"III","Pescado",0
2014,"III","Pleuroncodes monodon",0
2014,"III","Pleuroncodes sp",0
2014,"III","Sardinops sagax",1
2014,"III","Sciaena deliciosa",0
2014,"III","Scomber japonicus",5026
2014,"III","Scomberesox saurus scombroides",1
2014,"III","Seriolella caerulea",0
2014,"III","Sprattus fuegensis",0
2014,"III","Strangomera bentincki",0
2014,"III","Stromateus stellatus",0
2014,"III","Thyrsites atun",0
2014,"III","Trachurus murphyi",3650
2014,"IV","Brama australis",0
2014,"IV","Cilus gilberti",0
2014,"IV","Dosidicus gigas",5
2014,"IV","Engraulis ringens",20263
2014,"IV","Ethmidium maculatum",2275
2014,"IV","Isacia conceptionis",0
2014,"IV","Loligo gahi",0
2014,"IV","Macruronus magellanicus",0
2014,"IV","Normanichthys crockeri",543
2014,"IV","Odontesthes regia",0
2014,"IV","Pescado",0
2014,"IV","Pleuroncodes monodon",0
2014,"IV","Pleuroncodes sp",0
2014,"IV","Sardinops sagax",0
2014,"IV","Sciaena deliciosa",0
2014,"IV","Scomber japonicus",124
2014,"IV","Scomberesox saurus scombroides",8
2014,"IV","Seriolella caerulea",0
2014,"IV","Sprattus fuegensis",0
2014,"IV","Strangomera bentincki",0
2014,"IV","Stromateus stellatus",0
2014,"IV","Thyrsites atun",0
2014,"IV","Trachurus murphyi",4256
2014,"IX","Brama australis",0
2014,"IX","Cilus gilberti",0
2014,"IX","Dosidicus gigas",0
2014,"IX","Engraulis ringens",0
2014,"IX","Ethmidium maculatum",0
2014,"IX","Isacia conceptionis",0
2014,"IX","Loligo gahi",0
2014,"IX","Macruronus magellanicus",0
2014,"IX","Normanichthys crockeri",0
2014,"IX","Odontesthes regia",0
2014,"IX","Pescado",0
2014,"IX","Pleuroncodes monodon",0
2014,"IX","Pleuroncodes sp",0
2014,"IX","Sardinops sagax",0
2014,"IX","Sciaena deliciosa",0
2014,"IX","Scomber japonicus",0
2014,"IX","Scomberesox saurus scombroides",0
2014,"IX","Seriolella caerulea",0
2014,"IX","Sprattus fuegensis",0
2014,"IX","Strangomera bentincki",0
2014,"IX","Stromateus stellatus",0
2014,"IX","Thyrsites atun",0
2014,"IX","Trachurus murphyi",0
2014,"RM","Brama australis",0
2014,"RM","Cilus gilberti",0
2014,"RM","Dosidicus gigas",0
2014,"RM","Engraulis ringens",0
2014,"RM","Ethmidium maculatum",0
2014,"RM","Isacia conceptionis",0
2014,"RM","Loligo gahi",0
2014,"RM","Macruronus magellanicus",0
2014,"RM","Normanichthys crockeri",0
2014,"RM","Odontesthes regia",0
2014,"RM","Pescado",0
2014,"RM","Pleuroncodes monodon",0
2014,"RM","Pleuroncodes sp",0
2014,"RM","Sardinops sagax",0
2014,"RM","Sciaena deliciosa",0
2014,"RM","Scomber japonicus",0
2014,"RM","Scomberesox saurus scombroides",0
2014,"RM","Seriolella caerulea",0
2014,"RM","Sprattus fuegensis",0
2014,"RM","Strangomera bentincki",0
2014,"RM","Stromateus stellatus",0
2014,"RM","Thyrsites atun",0
2014,"RM","Trachurus murphyi",0
2014,"V","Brama australis",0
2014,"V","Cilus gilberti",0
2014,"V","Dosidicus gigas",0
2014,"V","Engraulis ringens",3382
2014,"V","Ethmidium maculatum",72
2014,"V","Isacia conceptionis",0
2014,"V","Loligo gahi",0
2014,"V","Macruronus magellanicus",0
2014,"V","Normanichthys crockeri",3
2014,"V","Odontesthes regia",0
2014,"V","Pescado",0
2014,"V","Pleuroncodes monodon",0
2014,"V","Pleuroncodes sp",0
2014,"V","Sardinops sagax",0
2014,"V","Sciaena deliciosa",0
2014,"V","Scomber japonicus",0
2014,"V","Scomberesox saurus scombroides",0
2014,"V","Seriolella caerulea",0
2014,"V","Sprattus fuegensis",0
2014,"V","Strangomera bentincki",8968
2014,"V","Stromateus stellatus",0
2014,"V","Thyrsites atun",0
2014,"V","Trachurus murphyi",0
2014,"VI","Brama australis",0
2014,"VI","Cilus gilberti",0
2014,"VI","Dosidicus gigas",0
2014,"VI","Engraulis ringens",0
2014,"VI","Ethmidium maculatum",0
2014,"VI","Isacia conceptionis",0
2014,"VI","Loligo gahi",0
2014,"VI","Macruronus magellanicus",0
2014,"VI","Normanichthys crockeri",0
2014,"VI","Odontesthes regia",0
2014,"VI","Pescado",0
2014,"VI","Pleuroncodes monodon",0
2014,"VI","Pleuroncodes sp",0
2014,"VI","Sardinops sagax",0
2014,"VI","Sciaena deliciosa",0
2014,"VI","Scomber japonicus",0
2014,"VI","Scomberesox saurus scombroides",0
2014,"VI","Seriolella caerulea",0
2014,"VI","Sprattus fuegensis",0
2014,"VI","Strangomera bentincki",0
2014,"VI","Stromateus stellatus",0
2014,"VI","Thyrsites atun",0
2014,"VI","Trachurus murphyi",0
2014,"VII","Brama australis",0
2014,"VII","Cilus gilberti",0
2014,"VII","Dosidicus gigas",0
2014,"VII","Engraulis ringens",0
2014,"VII","Ethmidium maculatum",0
2014,"VII","Isacia conceptionis",0
2014,"VII","Loligo gahi",0
2014,"VII","Macruronus magellanicus",0
2014,"VII","Normanichthys crockeri",0
2014,"VII","Odontesthes regia",0
2014,"VII","Pescado",0
2014,"VII","Pleuroncodes monodon",0
2014,"VII","Pleuroncodes sp",0
2014,"VII","Sardinops sagax",0
2014,"VII","Sciaena deliciosa",0
2014,"VII","Scomber japonicus",0
2014,"VII","Scomberesox saurus scombroides",0
2014,"VII","Seriolella caerulea",0
2014,"VII","Sprattus fuegensis",0
2014,"VII","Strangomera bentincki",0
2014,"VII","Stromateus stellatus",0
2014,"VII","Thyrsites atun",0
2014,"VII","Trachurus murphyi",0
2014,"VIII","Brama australis",31
2014,"VIII","Cilus gilberti",5
2014,"VIII","Dosidicus gigas",7455
2014,"VIII","Engraulis ringens",54497
2014,"VIII","Ethmidium maculatum",4518
2014,"VIII","Isacia conceptionis",0
2014,"VIII","Loligo gahi",9
2014,"VIII","Macruronus magellanicus",51
2014,"VIII","Normanichthys crockeri",42439
2014,"VIII","Odontesthes regia",34
2014,"VIII","Pescado",57
2014,"VIII","Pleuroncodes monodon",21
2014,"VIII","Pleuroncodes sp",0
2014,"VIII","Sardinops sagax",7
2014,"VIII","Sciaena deliciosa",0
2014,"VIII","Scomber japonicus",7318
2014,"VIII","Scomberesox saurus scombroides",14
2014,"VIII","Seriolella caerulea",3
2014,"VIII","Sprattus fuegensis",474
2014,"VIII","Strangomera bentincki",442624
2014,"VIII","Stromateus stellatus",3256
2014,"VIII","Thyrsites atun",1
2014,"VIII","Trachurus murphyi",55755
2014,"X","Brama australis",0
2014,"X","Cilus gilberti",0
2014,"X","Dosidicus gigas",0
2014,"X","Engraulis ringens",184
2014,"X","Ethmidium maculatum",0
2014,"X","Isacia conceptionis",0
2014,"X","Loligo gahi",0
2014,"X","Macruronus magellanicus",1
2014,"X","Normanichthys crockeri",61
2014,"X","Odontesthes regia",0
2014,"X","Pescado",0
2014,"X","Pleuroncodes monodon",0
2014,"X","Pleuroncodes sp",62
2014,"X","Sardinops sagax",0
2014,"X","Sciaena deliciosa",0
2014,"X","Scomber japonicus",0
2014,"X","Scomberesox saurus scombroides",0
2014,"X","Seriolella caerulea",0
2014,"X","Sprattus fuegensis",22779
2014,"X","Strangomera bentincki",2952
2014,"X","Stromateus stellatus",9
2014,"X","Thyrsites atun",0
2014,"X","Trachurus murphyi",0
2014,"XI","Brama australis",0
2014,"XI","Cilus gilberti",0
2014,"XI","Dosidicus gigas",0
2014,"XI","Engraulis ringens",0
2014,"XI","Ethmidium maculatum",0
2014,"XI","Isacia conceptionis",0
2014,"XI","Loligo gahi",0
2014,"XI","Macruronus magellanicus",0
2014,"XI","Normanichthys crockeri",0
2014,"XI","Odontesthes regia",0
2014,"XI","Pescado",0
2014,"XI","Pleuroncodes monodon",0
2014,"XI","Pleuroncodes sp",0
2014,"XI","Sardinops sagax",0
2014,"XI","Sciaena deliciosa",0
2014,"XI","Scomber japonicus",0
2014,"XI","Scomberesox saurus scombroides",0
2014,"XI","Seriolella caerulea",0
2014,"XI","Sprattus fuegensis",0
2014,"XI","Strangomera bentincki",0
2014,"XI","Stromateus stellatus",0
2014,"XI","Thyrsites atun",0
2014,"XI","Trachurus murphyi",0
2014,"XII","Brama australis",0
2014,"XII","Cilus gilberti",0
2014,"XII","Dosidicus gigas",0
2014,"XII","Engraulis ringens",0
2014,"XII","Ethmidium maculatum",0
2014,"XII","Isacia conceptionis",0
2014,"XII","Loligo gahi",0
2014,"XII","Macruronus magellanicus",0
2014,"XII","Normanichthys crockeri",0
2014,"XII","Odontesthes regia",0
2014,"XII","Pescado",0
2014,"XII","Pleuroncodes monodon",0
2014,"XII","Pleuroncodes sp",0
2014,"XII","Sardinops sagax",0
2014,"XII","Sciaena deliciosa",0
2014,"XII","Scomber japonicus",0
2014,"XII","Scomberesox saurus scombroides",0
2014,"XII","Seriolella caerulea",0
2014,"XII","Sprattus fuegensis",0
2014,"XII","Strangomera bentincki",0
2014,"XII","Stromateus stellatus",0
2014,"XII","Thyrsites atun",0
2014,"XII","Trachurus murphyi",0
2014,"XIV","Brama australis",0
2014,"XIV","Cilus gilberti",0
2014,"XIV","Dosidicus gigas",0
2014,"XIV","Engraulis ringens",1054
2014,"XIV","Ethmidium maculatum",0
2014,"XIV","Isacia conceptionis",0
2014,"XIV","Loligo gahi",0
2014,"XIV","Macruronus magellanicus",0
2014,"XIV","Normanichthys crockeri",4420
2014,"XIV","Odontesthes regia",1
2014,"XIV","Pescado",0
2014,"XIV","Pleuroncodes monodon",0
2014,"XIV","Pleuroncodes sp",0
2014,"XIV","Sardinops sagax",0
2014,"XIV","Sciaena deliciosa",0
2014,"XIV","Scomber japonicus",0
2014,"XIV","Scomberesox saurus scombroides",0
2014,"XIV","Seriolella caerulea",0
2014,"XIV","Sprattus fuegensis",0
2014,"XIV","Strangomera bentincki",85305
2014,"XIV","Stromateus stellatus",53
2014,"XIV","Thyrsites atun",0
2014,"XIV","Trachurus murphyi",0
2014,"XV","Brama australis",0
2014,"XV","Cilus gilberti",0
2014,"XV","Dosidicus gigas",5
2014,"XV","Engraulis ringens",257592
2014,"XV","Ethmidium maculatum",1108
2014,"XV","Isacia conceptionis",4
2014,"XV","Loligo gahi",0
2014,"XV","Macruronus magellanicus",0
2014,"XV","Normanichthys crockeri",2
2014,"XV","Odontesthes regia",1
2014,"XV","Pescado",2
2014,"XV","Pleuroncodes monodon",0
2014,"XV","Pleuroncodes sp",31
2014,"XV","Sardinops sagax",0
2014,"XV","Sciaena deliciosa",59
2014,"XV","Scomber japonicus",351
2014,"XV","Scomberesox saurus scombroides",3
2014,"XV","Seriolella caerulea",0
2014,"XV","Sprattus fuegensis",0
2014,"XV","Strangomera bentincki",0
2014,"XV","Stromateus stellatus",2
2014,"XV","Thyrsites atun",0
2014,"XV","Trachurus murphyi",1217
2015,"I","Dosidicus gigas",44
2015,"I","Engraulis ringens",255553
2015,"I","Ethmidium maculatum",0
2015,"I","Isacia conceptionis",3
2015,"I","Loligo gahi",0
2015,"I","Macruronus magellanicus",0
2015,"I","Merluccius australis",0
2015,"I","Normanichthys crockeri",1
2015,"I","Odontesthes regia",2
2015,"I","Paralabrax humeralis",0
2015,"I","Pleuroncodes sp",527
2015,"I","Sardinops sagax",0
2015,"I","Sciaena deliciosa",0
2015,"I","Scomber japonicus",5699
2015,"I","Scomberesox saurus scombroides",2242
2015,"I","Sprattus fuegensis",0
2015,"I","Strangomera bentincki",0
2015,"I","Stromateus stellatus",0
2015,"I","Trachurus murphyi",18459
2015,"II","Dosidicus gigas",48
2015,"II","Engraulis ringens",71157
2015,"II","Ethmidium maculatum",0
2015,"II","Isacia conceptionis",1
2015,"II","Loligo gahi",0
2015,"II","Macruronus magellanicus",0
2015,"II","Merluccius australis",0
2015,"II","Normanichthys crockeri",0
2015,"II","Odontesthes regia",0
2015,"II","Paralabrax humeralis",0
2015,"II","Pleuroncodes sp",67
2015,"II","Sardinops sagax",283
2015,"II","Sciaena deliciosa",0
2015,"II","Scomber japonicus",2965
2015,"II","Scomberesox saurus scombroides",1068
2015,"II","Sprattus fuegensis",0
2015,"II","Strangomera bentincki",0
2015,"II","Stromateus stellatus",0
2015,"II","Trachurus murphyi",15335
2015,"III","Dosidicus gigas",0
2015,"III","Engraulis ringens",10188
2015,"III","Ethmidium maculatum",0
2015,"III","Isacia conceptionis",0
2015,"III","Loligo gahi",0
2015,"III","Macruronus magellanicus",0
2015,"III","Merluccius australis",0
2015,"III","Normanichthys crockeri",0
2015,"III","Odontesthes regia",0
2015,"III","Paralabrax humeralis",0
2015,"III","Pleuroncodes sp",0
2015,"III","Sardinops sagax",2
2015,"III","Sciaena deliciosa",0
2015,"III","Scomber japonicus",21352
2015,"III","Scomberesox saurus scombroides",0
2015,"III","Sprattus fuegensis",0
2015,"III","Strangomera bentincki",0
2015,"III","Stromateus stellatus",0
2015,"III","Trachurus murphyi",14819
2015,"IV","Dosidicus gigas",0
2015,"IV","Engraulis ringens",9741
2015,"IV","Ethmidium maculatum",1129
2015,"IV","Isacia conceptionis",0
2015,"IV","Loligo gahi",0
2015,"IV","Macruronus magellanicus",0
2015,"IV","Merluccius australis",0
2015,"IV","Normanichthys crockeri",69
2015,"IV","Odontesthes regia",0
2015,"IV","Paralabrax humeralis",0
2015,"IV","Pleuroncodes sp",0
2015,"IV","Sardinops sagax",3
2015,"IV","Sciaena deliciosa",0
2015,"IV","Scomber japonicus",3755
2015,"IV","Scomberesox saurus scombroides",0
2015,"IV","Sprattus fuegensis",0
2015,"IV","Strangomera bentincki",0
2015,"IV","Stromateus stellatus",2
2015,"IV","Trachurus murphyi",8537
2015,"IX","Dosidicus gigas",0
2015,"IX","Engraulis ringens",0
2015,"IX","Ethmidium maculatum",0
2015,"IX","Isacia conceptionis",0
2015,"IX","Loligo gahi",0
2015,"IX","Macruronus magellanicus",0
2015,"IX","Merluccius australis",0
2015,"IX","Normanichthys crockeri",0
2015,"IX","Odontesthes regia",0
2015,"IX","Paralabrax humeralis",0
2015,"IX","Pleuroncodes sp",0
2015,"IX","Sardinops sagax",0
2015,"IX","Sciaena deliciosa",0
2015,"IX","Scomber japonicus",0
2015,"IX","Scomberesox saurus scombroides",0
2015,"IX","Sprattus fuegensis",0
2015,"IX","Strangomera bentincki",0
2015,"IX","Stromateus stellatus",0
2015,"IX","Trachurus murphyi",0
2015,"RM","Dosidicus gigas",0
2015,"RM","Engraulis ringens",0
2015,"RM","Ethmidium maculatum",0
2015,"RM","Isacia conceptionis",0
2015,"RM","Loligo gahi",0
2015,"RM","Macruronus magellanicus",0
2015,"RM","Merluccius australis",0
2015,"RM","Normanichthys crockeri",0
2015,"RM","Odontesthes regia",0
2015,"RM","Paralabrax humeralis",0
2015,"RM","Pleuroncodes sp",0
2015,"RM","Sardinops sagax",0
2015,"RM","Sciaena deliciosa",0
2015,"RM","Scomber japonicus",0
2015,"RM","Scomberesox saurus scombroides",0
2015,"RM","Sprattus fuegensis",0
2015,"RM","Strangomera bentincki",0
2015,"RM","Stromateus stellatus",0
2015,"RM","Trachurus murphyi",0
2015,"V","Dosidicus gigas",0
2015,"V","Engraulis ringens",2218
2015,"V","Ethmidium maculatum",338
2015,"V","Isacia conceptionis",0
2015,"V","Loligo gahi",0
2015,"V","Macruronus magellanicus",0
2015,"V","Merluccius australis",0
2015,"V","Normanichthys crockeri",0
2015,"V","Odontesthes regia",0
2015,"V","Paralabrax humeralis",0
2015,"V","Pleuroncodes sp",0
2015,"V","Sardinops sagax",0
2015,"V","Sciaena deliciosa",0
2015,"V","Scomber japonicus",10
2015,"V","Scomberesox saurus scombroides",0
2015,"V","Sprattus fuegensis",0
2015,"V","Strangomera bentincki",7162
2015,"V","Stromateus stellatus",10
2015,"V","Trachurus murphyi",206
2015,"VI","Dosidicus gigas",0
2015,"VI","Engraulis ringens",0
2015,"VI","Ethmidium maculatum",0
2015,"VI","Isacia conceptionis",0
2015,"VI","Loligo gahi",0
2015,"VI","Macruronus magellanicus",0
2015,"VI","Merluccius australis",0
2015,"VI","Normanichthys crockeri",0
2015,"VI","Odontesthes regia",0
2015,"VI","Paralabrax humeralis",0
2015,"VI","Pleuroncodes sp",0
2015,"VI","Sardinops sagax",0
2015,"VI","Sciaena deliciosa",0
2015,"VI","Scomber japonicus",0
2015,"VI","Scomberesox saurus scombroides",0
2015,"VI","Sprattus fuegensis",0
2015,"VI","Strangomera bentincki",0
2015,"VI","Stromateus stellatus",0
2015,"VI","Trachurus murphyi",0
2015,"VII","Dosidicus gigas",0
2015,"VII","Engraulis ringens",0
2015,"VII","Ethmidium maculatum",0
2015,"VII","Isacia conceptionis",0
2015,"VII","Loligo gahi",0
2015,"VII","Macruronus magellanicus",0
2015,"VII","Merluccius australis",0
2015,"VII","Normanichthys crockeri",0
2015,"VII","Odontesthes regia",0
2015,"VII","Paralabrax humeralis",0
2015,"VII","Pleuroncodes sp",0
2015,"VII","Sardinops sagax",0
2015,"VII","Sciaena deliciosa",0
2015,"VII","Scomber japonicus",0
2015,"VII","Scomberesox saurus scombroides",0
2015,"VII","Sprattus fuegensis",0
2015,"VII","Strangomera bentincki",0
2015,"VII","Stromateus stellatus",0
2015,"VII","Trachurus murphyi",0
2015,"VIII","Dosidicus gigas",125
2015,"VIII","Engraulis ringens",59435
2015,"VIII","Ethmidium maculatum",8201
2015,"VIII","Isacia conceptionis",0
2015,"VIII","Loligo gahi",1
2015,"VIII","Macruronus magellanicus",0
2015,"VIII","Merluccius australis",0
2015,"VIII","Normanichthys crockeri",24619
2015,"VIII","Odontesthes regia",1
2015,"VIII","Paralabrax humeralis",0
2015,"VIII","Pleuroncodes sp",0
2015,"VIII","Sardinops sagax",0
2015,"VIII","Sciaena deliciosa",0
2015,"VIII","Scomber japonicus",9094
2015,"VIII","Scomberesox saurus scombroides",6
2015,"VIII","Sprattus fuegensis",0
2015,"VIII","Strangomera bentincki",363476
2015,"VIII","Stromateus stellatus",2268
2015,"VIII","Trachurus murphyi",81509
2015,"X","Dosidicus gigas",0
2015,"X","Engraulis ringens",401
2015,"X","Ethmidium maculatum",0
2015,"X","Isacia conceptionis",0
2015,"X","Loligo gahi",0
2015,"X","Macruronus magellanicus",30
2015,"X","Merluccius australis",14
2015,"X","Normanichthys crockeri",4
2015,"X","Odontesthes regia",0
2015,"X","Paralabrax humeralis",0
2015,"X","Pleuroncodes sp",71
2015,"X","Sardinops sagax",0
2015,"X","Sciaena deliciosa",0
2015,"X","Scomber japonicus",0
2015,"X","Scomberesox saurus scombroides",0
2015,"X","Sprattus fuegensis",23390
2015,"X","Strangomera bentincki",2485
2015,"X","Stromateus stellatus",3
2015,"X","Trachurus murphyi",0
2015,"XI","Dosidicus gigas",0
2015,"XI","Engraulis ringens",0
2015,"XI","Ethmidium maculatum",0
2015,"XI","Isacia conceptionis",0
2015,"XI","Loligo gahi",0
2015,"XI","Macruronus magellanicus",0
2015,"XI","Merluccius australis",0
2015,"XI","Normanichthys crockeri",0
2015,"XI","Odontesthes regia",0
2015,"XI","Paralabrax humeralis",0
2015,"XI","Pleuroncodes sp",0
2015,"XI","Sardinops sagax",0
2015,"XI","Sciaena deliciosa",0
2015,"XI","Scomber japonicus",0
2015,"XI","Scomberesox saurus scombroides",0
2015,"XI","Sprattus fuegensis",4428
2015,"XI","Strangomera bentincki",0
2015,"XI","Stromateus stellatus",0
2015,"XI","Trachurus murphyi",0
2015,"XII","Dosidicus gigas",0
2015,"XII","Engraulis ringens",0
2015,"XII","Ethmidium maculatum",0
2015,"XII","Isacia conceptionis",0
2015,"XII","Loligo gahi",0
2015,"XII","Macruronus magellanicus",0
2015,"XII","Merluccius australis",0
2015,"XII","Normanichthys crockeri",0
2015,"XII","Odontesthes regia",0
2015,"XII","Paralabrax humeralis",0
2015,"XII","Pleuroncodes sp",0
2015,"XII","Sardinops sagax",0
2015,"XII","Sciaena deliciosa",0
2015,"XII","Scomber japonicus",0
2015,"XII","Scomberesox saurus scombroides",0
2015,"XII","Sprattus fuegensis",0
2015,"XII","Strangomera bentincki",0
2015,"XII","Stromateus stellatus",0
2015,"XII","Trachurus murphyi",0
2015,"XIV","Dosidicus gigas",0
2015,"XIV","Engraulis ringens",682
2015,"XIV","Ethmidium maculatum",4
2015,"XIV","Isacia conceptionis",0
2015,"XIV","Loligo gahi",0
2015,"XIV","Macruronus magellanicus",0
2015,"XIV","Merluccius australis",0
2015,"XIV","Normanichthys crockeri",1401
2015,"XIV","Odontesthes regia",1
2015,"XIV","Paralabrax humeralis",0
2015,"XIV","Pleuroncodes sp",0
2015,"XIV","Sardinops sagax",0
2015,"XIV","Sciaena deliciosa",0
2015,"XIV","Scomber japonicus",0
2015,"XIV","Scomberesox saurus scombroides",0
2015,"XIV","Sprattus fuegensis",0
2015,"XIV","Strangomera bentincki",60454
2015,"XIV","Stromateus stellatus",22
2015,"XIV","Trachurus murphyi",12
2015,"XV","Dosidicus gigas",41
2015,"XV","Engraulis ringens",124873
2015,"XV","Ethmidium maculatum",0
2015,"XV","Isacia conceptionis",0
2015,"XV","Loligo gahi",0
2015,"XV","Macruronus magellanicus",0
2015,"XV","Merluccius australis",0
2015,"XV","Normanichthys crockeri",0
2015,"XV","Odontesthes regia",0
2015,"XV","Paralabrax humeralis",12
2015,"XV","Pleuroncodes sp",99
2015,"XV","Sardinops sagax",0
2015,"XV","Sciaena deliciosa",23
2015,"XV","Scomber japonicus",196
2015,"XV","Scomberesox saurus scombroides",37
2015,"XV","Sprattus fuegensis",0
2015,"XV","Strangomera bentincki",0
2015,"XV","Stromateus stellatus",0
2015,"XV","Trachurus murphyi",1195
2016,"I","Dosidicus gigas",3
2016,"I","Engraulis ringens",112885
2016,"I","Ethmidium maculatum",0
2016,"I","Helicolenus lengerichi",0
2016,"I","Macruronus magellanicus",0
2016,"I","Merluccius gayi gayi",0
2016,"I","Normanichthys crockeri",0
2016,"I","Pleuroncodes sp",49
2016,"I","Sarda chiliensis",1
2016,"I","Sardinops sagax",0
2016,"I","Sciaena deliciosa",0
2016,"I","Scomber japonicus",2646
2016,"I","Scomberesox saurus scombroides",161
2016,"I","Sprattus fuegensis",0
2016,"I","Strangomera bentincki",0
2016,"I","Stromateus stellatus",0
2016,"I","Thyrsites atun",0
2016,"I","Trachurus murphyi",16298
2016,"II","Dosidicus gigas",0
2016,"II","Engraulis ringens",42745
2016,"II","Ethmidium maculatum",0
2016,"II","Helicolenus lengerichi",0
2016,"II","Macruronus magellanicus",0
2016,"II","Merluccius gayi gayi",0
2016,"II","Normanichthys crockeri",0
2016,"II","Pleuroncodes sp",0
2016,"II","Sarda chiliensis",63
2016,"II","Sardinops sagax",0
2016,"II","Sciaena deliciosa",0
2016,"II","Scomber japonicus",343
2016,"II","Scomberesox saurus scombroides",74
2016,"II","Sprattus fuegensis",0
2016,"II","Strangomera bentincki",0
2016,"II","Stromateus stellatus",0
2016,"II","Thyrsites atun",0
2016,"II","Trachurus murphyi",7582
2016,"III","Dosidicus gigas",11
2016,"III","Engraulis ringens",19424
2016,"III","Ethmidium maculatum",0
2016,"III","Helicolenus lengerichi",0
2016,"III","Macruronus magellanicus",0
2016,"III","Merluccius gayi gayi",0
2016,"III","Normanichthys crockeri",480
2016,"III","Pleuroncodes sp",0
2016,"III","Sarda chiliensis",0
2016,"III","Sardinops sagax",0
2016,"III","Sciaena deliciosa",0
2016,"III","Scomber japonicus",17340
2016,"III","Scomberesox saurus scombroides",0
2016,"III","Sprattus fuegensis",0
2016,"III","Strangomera bentincki",0
2016,"III","Stromateus stellatus",0
2016,"III","Thyrsites atun",0
2016,"III","Trachurus murphyi",7360
2016,"IV","Dosidicus gigas",0
2016,"IV","Engraulis ringens",1370
2016,"IV","Ethmidium maculatum",1000
2016,"IV","Helicolenus lengerichi",0
2016,"IV","Macruronus magellanicus",0
2016,"IV","Merluccius gayi gayi",0
2016,"IV","Normanichthys crockeri",0
2016,"IV","Pleuroncodes sp",0
2016,"IV","Sarda chiliensis",0
2016,"IV","Sardinops sagax",65
2016,"IV","Sciaena deliciosa",0
2016,"IV","Scomber japonicus",6645
2016,"IV","Scomberesox saurus scombroides",0
2016,"IV","Sprattus fuegensis",0
2016,"IV","Strangomera bentincki",0
2016,"IV","Stromateus stellatus",0
2016,"IV","Thyrsites atun",0
2016,"IV","Trachurus murphyi",10847
2016,"IX","Dosidicus gigas",0
2016,"IX","Engraulis ringens",0
2016,"IX","Ethmidium maculatum",0
2016,"IX","Helicolenus lengerichi",0
2016,"IX","Macruronus magellanicus",0
2016,"IX","Merluccius gayi gayi",0
2016,"IX","Normanichthys crockeri",0
2016,"IX","Pleuroncodes sp",0
2016,"IX","Sarda chiliensis",0
2016,"IX","Sardinops sagax",0
2016,"IX","Sciaena deliciosa",0
2016,"IX","Scomber japonicus",0
2016,"IX","Scomberesox saurus scombroides",0
2016,"IX","Sprattus fuegensis",0
2016,"IX","Strangomera bentincki",0
2016,"IX","Stromateus stellatus",0
2016,"IX","Thyrsites atun",0
2016,"IX","Trachurus murphyi",0
2016,"RM","Dosidicus gigas",0
2016,"RM","Engraulis ringens",0
2016,"RM","Ethmidium maculatum",0
2016,"RM","Helicolenus lengerichi",0
2016,"RM","Macruronus magellanicus",0
2016,"RM","Merluccius gayi gayi",0
2016,"RM","Normanichthys crockeri",0
2016,"RM","Pleuroncodes sp",0
2016,"RM","Sarda chiliensis",0
2016,"RM","Sardinops sagax",0
2016,"RM","Sciaena deliciosa",0
2016,"RM","Scomber japonicus",0
2016,"RM","Scomberesox saurus scombroides",0
2016,"RM","Sprattus fuegensis",0
2016,"RM","Strangomera bentincki",0
2016,"RM","Stromateus stellatus",0
2016,"RM","Thyrsites atun",0
2016,"RM","Trachurus murphyi",0
2016,"V","Dosidicus gigas",0
2016,"V","Engraulis ringens",1639
2016,"V","Ethmidium maculatum",0
2016,"V","Helicolenus lengerichi",0
2016,"V","Macruronus magellanicus",0
2016,"V","Merluccius gayi gayi",0
2016,"V","Normanichthys crockeri",1
2016,"V","Pleuroncodes sp",0
2016,"V","Sarda chiliensis",0
2016,"V","Sardinops sagax",0
2016,"V","Sciaena deliciosa",0
2016,"V","Scomber japonicus",0
2016,"V","Scomberesox saurus scombroides",0
2016,"V","Sprattus fuegensis",0
2016,"V","Strangomera bentincki",4872
2016,"V","Stromateus stellatus",0
2016,"V","Thyrsites atun",0
2016,"V","Trachurus murphyi",4
2016,"VI","Dosidicus gigas",0
2016,"VI","Engraulis ringens",0
2016,"VI","Ethmidium maculatum",0
2016,"VI","Helicolenus lengerichi",0
2016,"VI","Macruronus magellanicus",0
2016,"VI","Merluccius gayi gayi",0
2016,"VI","Normanichthys crockeri",0
2016,"VI","Pleuroncodes sp",0
2016,"VI","Sarda chiliensis",0
2016,"VI","Sardinops sagax",0
2016,"VI","Sciaena deliciosa",0
2016,"VI","Scomber japonicus",0
2016,"VI","Scomberesox saurus scombroides",0
2016,"VI","Sprattus fuegensis",0
2016,"VI","Strangomera bentincki",0
2016,"VI","Stromateus stellatus",0
2016,"VI","Thyrsites atun",0
2016,"VI","Trachurus murphyi",0
2016,"VII","Dosidicus gigas",0
2016,"VII","Engraulis ringens",0
2016,"VII","Ethmidium maculatum",0
2016,"VII","Helicolenus lengerichi",0
2016,"VII","Macruronus magellanicus",0
2016,"VII","Merluccius gayi gayi",0
2016,"VII","Normanichthys crockeri",0
2016,"VII","Pleuroncodes sp",0
2016,"VII","Sarda chiliensis",0
2016,"VII","Sardinops sagax",0
2016,"VII","Sciaena deliciosa",0
2016,"VII","Scomber japonicus",0
2016,"VII","Scomberesox saurus scombroides",0
2016,"VII","Sprattus fuegensis",0
2016,"VII","Strangomera bentincki",0
2016,"VII","Stromateus stellatus",0
2016,"VII","Thyrsites atun",0
2016,"VII","Trachurus murphyi",0
2016,"VIII","Dosidicus gigas",110
2016,"VIII","Engraulis ringens",65873
2016,"VIII","Ethmidium maculatum",7831
2016,"VIII","Helicolenus lengerichi",1
2016,"VIII","Macruronus magellanicus",0
2016,"VIII","Merluccius gayi gayi",0
2016,"VIII","Normanichthys crockeri",19345
2016,"VIII","Pleuroncodes sp",0
2016,"VIII","Sarda chiliensis",0
2016,"VIII","Sardinops sagax",0
2016,"VIII","Sciaena deliciosa",0
2016,"VIII","Scomber japonicus",20135
2016,"VIII","Scomberesox saurus scombroides",5
2016,"VIII","Sprattus fuegensis",1573
2016,"VIII","Strangomera bentincki",202316
2016,"VIII","Stromateus stellatus",8960
2016,"VIII","Thyrsites atun",0
2016,"VIII","Trachurus murphyi",112141
2016,"X","Dosidicus gigas",0
2016,"X","Engraulis ringens",1175
2016,"X","Ethmidium maculatum",0
2016,"X","Helicolenus lengerichi",0
2016,"X","Macruronus magellanicus",19
2016,"X","Merluccius gayi gayi",0
2016,"X","Normanichthys crockeri",5
2016,"X","Pleuroncodes sp",0
2016,"X","Sarda chiliensis",0
2016,"X","Sardinops sagax",0
2016,"X","Sciaena deliciosa",0
2016,"X","Scomber japonicus",0
2016,"X","Scomberesox saurus scombroides",0
2016,"X","Sprattus fuegensis",15638
2016,"X","Strangomera bentincki",4276
2016,"X","Stromateus stellatus",0
2016,"X","Thyrsites atun",0
2016,"X","Trachurus murphyi",32
2016,"XI","Dosidicus gigas",0
2016,"XI","Engraulis ringens",0
2016,"XI","Ethmidium maculatum",0
2016,"XI","Helicolenus lengerichi",0
2016,"XI","Macruronus magellanicus",0
2016,"XI","Merluccius gayi gayi",0
2016,"XI","Normanichthys crockeri",0
2016,"XI","Pleuroncodes sp",0
2016,"XI","Sarda chiliensis",0
2016,"XI","Sardinops sagax",0
2016,"XI","Sciaena deliciosa",0
2016,"XI","Scomber japonicus",0
2016,"XI","Scomberesox saurus scombroides",0
2016,"XI","Sprattus fuegensis",3250
2016,"XI","Strangomera bentincki",0
2016,"XI","Stromateus stellatus",0
2016,"XI","Thyrsites atun",0
2016,"XI","Trachurus murphyi",0
2016,"XII","Dosidicus gigas",0
2016,"XII","Engraulis ringens",0
2016,"XII","Ethmidium maculatum",0
2016,"XII","Helicolenus lengerichi",0
2016,"XII","Macruronus magellanicus",0
2016,"XII","Merluccius gayi gayi",0
2016,"XII","Normanichthys crockeri",0
2016,"XII","Pleuroncodes sp",0
2016,"XII","Sarda chiliensis",0
2016,"XII","Sardinops sagax",0
2016,"XII","Sciaena deliciosa",0
2016,"XII","Scomber japonicus",0
2016,"XII","Scomberesox saurus scombroides",0
2016,"XII","Sprattus fuegensis",0
2016,"XII","Strangomera bentincki",0
2016,"XII","Stromateus stellatus",0
2016,"XII","Thyrsites atun",0
2016,"XII","Trachurus murphyi",0
2016,"XIV","Dosidicus gigas",0
2016,"XIV","Engraulis ringens",4638
2016,"XIV","Ethmidium maculatum",0
2016,"XIV","Helicolenus lengerichi",0
2016,"XIV","Macruronus magellanicus",0
2016,"XIV","Merluccius gayi gayi",5
2016,"XIV","Normanichthys crockeri",120
2016,"XIV","Pleuroncodes sp",0
2016,"XIV","Sarda chiliensis",0
2016,"XIV","Sardinops sagax",0
2016,"XIV","Sciaena deliciosa",0
2016,"XIV","Scomber japonicus",0
2016,"XIV","Scomberesox saurus scombroides",0
2016,"XIV","Sprattus fuegensis",291
2016,"XIV","Strangomera bentincki",66963
2016,"XIV","Stromateus stellatus",180
2016,"XIV","Thyrsites atun",1
2016,"XIV","Trachurus murphyi",0
2016,"XV","Dosidicus gigas",0
2016,"XV","Engraulis ringens",78022
2016,"XV","Ethmidium maculatum",85
2016,"XV","Helicolenus lengerichi",0
2016,"XV","Macruronus magellanicus",0
2016,"XV","Merluccius gayi gayi",0
2016,"XV","Normanichthys crockeri",0
2016,"XV","Pleuroncodes sp",129
2016,"XV","Sarda chiliensis",0
2016,"XV","Sardinops sagax",0
2016,"XV","Sciaena deliciosa",74
2016,"XV","Scomber japonicus",369
2016,"XV","Scomberesox saurus scombroides",3
2016,"XV","Sprattus fuegensis",0
2016,"XV","Strangomera bentincki",0
2016,"XV","Stromateus stellatus",0
2016,"XV","Thyrsites atun",0
2016,"XV","Trachurus murphyi",558
2017,"I","Dosidicus gigas",25
2017,"I","Engraulis ringens",318686
2017,"I","Ethmidium maculatum",0
2017,"I","Hemilutjanus macrophthalmos",0
2017,"I","Isacia conceptionis",0
2017,"I","Munida subrugosa",0
2017,"I","Normanichthys crockeri",78
2017,"I","Paralabrax humeralis",0
2017,"I","Pleuroncodes sp",399
2017,"I","Sarda chiliensis",0
2017,"I","Sardinops sagax",32
2017,"I","Sciaena deliciosa",0
2017,"I","Scomber japonicus",15870
2017,"I","Scomberesox saurus scombroides",8
2017,"I","Sprattus fuegensis",0
2017,"I","Strangomera bentincki",0
2017,"I","Stromateus stellatus",0
2017,"I","Trachurus murphyi",18741
2017,"II","Dosidicus gigas",16
2017,"II","Engraulis ringens",89604
2017,"II","Ethmidium maculatum",0
2017,"II","Hemilutjanus macrophthalmos",14
2017,"II","Isacia conceptionis",4
2017,"II","Munida subrugosa",0
2017,"II","Normanichthys crockeri",16
2017,"II","Paralabrax humeralis",0
2017,"II","Pleuroncodes sp",1
2017,"II","Sarda chiliensis",19
2017,"II","Sardinops sagax",369
2017,"II","Sciaena deliciosa",0
2017,"II","Scomber japonicus",10267
2017,"II","Scomberesox saurus scombroides",6
2017,"II","Sprattus fuegensis",0
2017,"II","Strangomera bentincki",0
2017,"II","Stromateus stellatus",0
2017,"II","Trachurus murphyi",14662
2017,"III","Dosidicus gigas",2
2017,"III","Engraulis ringens",4996
2017,"III","Ethmidium maculatum",0
2017,"III","Hemilutjanus macrophthalmos",0
2017,"III","Isacia conceptionis",0
2017,"III","Munida subrugosa",0
2017,"III","Normanichthys crockeri",18
2017,"III","Paralabrax humeralis",0
2017,"III","Pleuroncodes sp",0
2017,"III","Sarda chiliensis",0
2017,"III","Sardinops sagax",0
2017,"III","Sciaena deliciosa",0
2017,"III","Scomber japonicus",18625
2017,"III","Scomberesox saurus scombroides",0
2017,"III","Sprattus fuegensis",0
2017,"III","Strangomera bentincki",0
2017,"III","Stromateus stellatus",0
2017,"III","Trachurus murphyi",11379
2017,"IV","Dosidicus gigas",4
2017,"IV","Engraulis ringens",11478
2017,"IV","Ethmidium maculatum",2142
2017,"IV","Hemilutjanus macrophthalmos",0
2017,"IV","Isacia conceptionis",0
2017,"IV","Munida subrugosa",0
2017,"IV","Normanichthys crockeri",75
2017,"IV","Paralabrax humeralis",0
2017,"IV","Pleuroncodes sp",0
2017,"IV","Sarda chiliensis",0
2017,"IV","Sardinops sagax",56
2017,"IV","Sciaena deliciosa",0
2017,"IV","Scomber japonicus",1876
2017,"IV","Scomberesox saurus scombroides",0
2017,"IV","Sprattus fuegensis",0
2017,"IV","Strangomera bentincki",0
2017,"IV","Stromateus stellatus",10
2017,"IV","Trachurus murphyi",2080
2017,"IX","Dosidicus gigas",0
2017,"IX","Engraulis ringens",0
2017,"IX","Ethmidium maculatum",0
2017,"IX","Hemilutjanus macrophthalmos",0
2017,"IX","Isacia conceptionis",0
2017,"IX","Munida subrugosa",0
2017,"IX","Normanichthys crockeri",0
2017,"IX","Paralabrax humeralis",0
2017,"IX","Pleuroncodes sp",0
2017,"IX","Sarda chiliensis",0
2017,"IX","Sardinops sagax",0
2017,"IX","Sciaena deliciosa",0
2017,"IX","Scomber japonicus",0
2017,"IX","Scomberesox saurus scombroides",0
2017,"IX","Sprattus fuegensis",0
2017,"IX","Strangomera bentincki",0
2017,"IX","Stromateus stellatus",0
2017,"IX","Trachurus murphyi",0
2017,"RM","Dosidicus gigas",0
2017,"RM","Engraulis ringens",0
2017,"RM","Ethmidium maculatum",0
2017,"RM","Hemilutjanus macrophthalmos",0
2017,"RM","Isacia conceptionis",0
2017,"RM","Munida subrugosa",0
2017,"RM","Normanichthys crockeri",0
2017,"RM","Paralabrax humeralis",0
2017,"RM","Pleuroncodes sp",0
2017,"RM","Sarda chiliensis",0
2017,"RM","Sardinops sagax",0
2017,"RM","Sciaena deliciosa",0
2017,"RM","Scomber japonicus",0
2017,"RM","Scomberesox saurus scombroides",0
2017,"RM","Sprattus fuegensis",0
2017,"RM","Strangomera bentincki",0
2017,"RM","Stromateus stellatus",0
2017,"RM","Trachurus murphyi",0
2017,"V","Dosidicus gigas",0
2017,"V","Engraulis ringens",3681
2017,"V","Ethmidium maculatum",214
2017,"V","Hemilutjanus macrophthalmos",0
2017,"V","Isacia conceptionis",0
2017,"V","Munida subrugosa",0
2017,"V","Normanichthys crockeri",0
2017,"V","Paralabrax humeralis",0
2017,"V","Pleuroncodes sp",0
2017,"V","Sarda chiliensis",0
2017,"V","Sardinops sagax",0
2017,"V","Sciaena deliciosa",0
2017,"V","Scomber japonicus",25
2017,"V","Scomberesox saurus scombroides",0
2017,"V","Sprattus fuegensis",0
2017,"V","Strangomera bentincki",3179
2017,"V","Stromateus stellatus",13
2017,"V","Trachurus murphyi",149
2017,"VI","Dosidicus gigas",0
2017,"VI","Engraulis ringens",0
2017,"VI","Ethmidium maculatum",0
2017,"VI","Hemilutjanus macrophthalmos",0
2017,"VI","Isacia conceptionis",0
2017,"VI","Munida subrugosa",0
2017,"VI","Normanichthys crockeri",0
2017,"VI","Paralabrax humeralis",0
2017,"VI","Pleuroncodes sp",0
2017,"VI","Sarda chiliensis",0
2017,"VI","Sardinops sagax",0
2017,"VI","Sciaena deliciosa",0
2017,"VI","Scomber japonicus",0
2017,"VI","Scomberesox saurus scombroides",0
2017,"VI","Sprattus fuegensis",0
2017,"VI","Strangomera bentincki",0
2017,"VI","Stromateus stellatus",0
2017,"VI","Trachurus murphyi",0
2017,"VII","Dosidicus gigas",0
2017,"VII","Engraulis ringens",0
2017,"VII","Ethmidium maculatum",0
2017,"VII","Hemilutjanus macrophthalmos",0
2017,"VII","Isacia conceptionis",0
2017,"VII","Munida subrugosa",0
2017,"VII","Normanichthys crockeri",0
2017,"VII","Paralabrax humeralis",0
2017,"VII","Pleuroncodes sp",0
2017,"VII","Sarda chiliensis",0
2017,"VII","Sardinops sagax",0
2017,"VII","Sciaena deliciosa",0
2017,"VII","Scomber japonicus",0
2017,"VII","Scomberesox saurus scombroides",0
2017,"VII","Sprattus fuegensis",0
2017,"VII","Strangomera bentincki",0
2017,"VII","Stromateus stellatus",0
2017,"VII","Trachurus murphyi",0
2017,"VIII","Dosidicus gigas",41
2017,"VIII","Engraulis ringens",48451
2017,"VIII","Ethmidium maculatum",27646
2017,"VIII","Hemilutjanus macrophthalmos",0
2017,"VIII","Isacia conceptionis",0
2017,"VIII","Munida subrugosa",0
2017,"VIII","Normanichthys crockeri",56919
2017,"VIII","Paralabrax humeralis",5
2017,"VIII","Pleuroncodes sp",0
2017,"VIII","Sarda chiliensis",0
2017,"VIII","Sardinops sagax",0
2017,"VIII","Sciaena deliciosa",0
2017,"VIII","Scomber japonicus",14257
2017,"VIII","Scomberesox saurus scombroides",0
2017,"VIII","Sprattus fuegensis",1085
2017,"VIII","Strangomera bentincki",280470
2017,"VIII","Stromateus stellatus",22349
2017,"VIII","Trachurus murphyi",103921
2017,"X","Dosidicus gigas",0
2017,"X","Engraulis ringens",1189
2017,"X","Ethmidium maculatum",0
2017,"X","Hemilutjanus macrophthalmos",0
2017,"X","Isacia conceptionis",0
2017,"X","Munida subrugosa",9
2017,"X","Normanichthys crockeri",1626
2017,"X","Paralabrax humeralis",0
2017,"X","Pleuroncodes sp",19
2017,"X","Sarda chiliensis",0
2017,"X","Sardinops sagax",0
2017,"X","Sciaena deliciosa",0
2017,"X","Scomber japonicus",0
2017,"X","Scomberesox saurus scombroides",0
2017,"X","Sprattus fuegensis",11878
2017,"X","Strangomera bentincki",5814
2017,"X","Stromateus stellatus",164
2017,"X","Trachurus murphyi",0
2017,"XI","Dosidicus gigas",0
2017,"XI","Engraulis ringens",0
2017,"XI","Ethmidium maculatum",0
2017,"XI","Hemilutjanus macrophthalmos",0
2017,"XI","Isacia conceptionis",0
2017,"XI","Munida subrugosa",0
2017,"XI","Normanichthys crockeri",0
2017,"XI","Paralabrax humeralis",0
2017,"XI","Pleuroncodes sp",0
2017,"XI","Sarda chiliensis",0
2017,"XI","Sardinops sagax",0
2017,"XI","Sciaena deliciosa",0
2017,"XI","Scomber japonicus",0
2017,"XI","Scomberesox saurus scombroides",0
2017,"XI","Sprattus fuegensis",3193
2017,"XI","Strangomera bentincki",0
2017,"XI","Stromateus stellatus",0
2017,"XI","Trachurus murphyi",0
2017,"XII","Dosidicus gigas",0
2017,"XII","Engraulis ringens",0
2017,"XII","Ethmidium maculatum",0
2017,"XII","Hemilutjanus macrophthalmos",0
2017,"XII","Isacia conceptionis",0
2017,"XII","Munida subrugosa",0
2017,"XII","Normanichthys crockeri",0
2017,"XII","Paralabrax humeralis",0
2017,"XII","Pleuroncodes sp",0
2017,"XII","Sarda chiliensis",0
2017,"XII","Sardinops sagax",0
2017,"XII","Sciaena deliciosa",0
2017,"XII","Scomber japonicus",0
2017,"XII","Scomberesox saurus scombroides",0
2017,"XII","Sprattus fuegensis",0
2017,"XII","Strangomera bentincki",0
2017,"XII","Stromateus stellatus",0
2017,"XII","Trachurus murphyi",0
2017,"XIV","Dosidicus gigas",0
2017,"XIV","Engraulis ringens",2144
2017,"XIV","Ethmidium maculatum",0
2017,"XIV","Hemilutjanus macrophthalmos",0
2017,"XIV","Isacia conceptionis",0
2017,"XIV","Munida subrugosa",0
2017,"XIV","Normanichthys crockeri",2131
2017,"XIV","Paralabrax humeralis",0
2017,"XIV","Pleuroncodes sp",0
2017,"XIV","Sarda chiliensis",0
2017,"XIV","Sardinops sagax",0
2017,"XIV","Sciaena deliciosa",0
2017,"XIV","Scomber japonicus",0
2017,"XIV","Scomberesox saurus scombroides",0
2017,"XIV","Sprattus fuegensis",0
2017,"XIV","Strangomera bentincki",51076
2017,"XIV","Stromateus stellatus",514
2017,"XIV","Trachurus murphyi",943
2017,"XV","Dosidicus gigas",0
2017,"XV","Engraulis ringens",143014
2017,"XV","Ethmidium maculatum",3
2017,"XV","Hemilutjanus macrophthalmos",0
2017,"XV","Isacia conceptionis",0
2017,"XV","Munida subrugosa",0
2017,"XV","Normanichthys crockeri",0
2017,"XV","Paralabrax humeralis",0
2017,"XV","Pleuroncodes sp",229
2017,"XV","Sarda chiliensis",0
2017,"XV","Sardinops sagax",0
2017,"XV","Sciaena deliciosa",57
2017,"XV","Scomber japonicus",489
2017,"XV","Scomberesox saurus scombroides",4
2017,"XV","Sprattus fuegensis",0
2017,"XV","Strangomera bentincki",0
2017,"XV","Stromateus stellatus",0
2017,"XV","Trachurus murphyi",1599
