"species","region","tons","product","year","sc_name","en_name"
"CHASCA","XV",0,"dry algae",2013,"Gelidium rex","Red algae"
"CHASCON O HUIRO NEGRO","XV",0,"dry algae",2013,"Lessonia nigrescens","Giant grey kelp"
"CHICOREA DE MAR","XV",0,"dry algae",2013,"Chondracanthus chamissoi","Red algae chicorea"
"COCHAYUYO","XV",0,"dry algae",2013,"Durvillaea antarctica","New Zealand bull"
"HAEMATOCOCCUS","XV",0,"dry algae",2013,"Haematococcus pluvialis","Haematococcus"
"HUIRO","XV",0,"dry algae",2013,"Macrocystis spp.","Giant kelp"
"HUIRO PALO","XV",0,"dry algae",2013,"Lessonia trabeculata","Giant brown kelp"
"LUCHE","XV",0,"dry algae",2013,"Porphyra columbina","Luche"
"LUGA CUCHARA O CORTA","XV",0,"dry algae",2013,"Mazzaella laminarioides","Luga"
"LUGA NEGRA O CRESPA","XV",0,"dry algae",2013,"Sarcothalia crispata","Black algae luga"
"LUGA-ROJA","XV",0,"dry algae",2013,"Gigartina skottsbergii","Red luga"
"PELILLO","XV",0,"dry algae",2013,"Gracilaria spp.","Red algae gracilaria"
"SPIRULINA","XV",0,"dry algae",2013,"Spirulina spp.","Spirulina"
"CHASCA","I",0,"dry algae",2013,"Gelidium rex","Red algae"
"CHASCON O HUIRO NEGRO","I",3925,"dry algae",2013,"Lessonia nigrescens","Giant grey kelp"
"CHICOREA DE MAR","I",0,"dry algae",2013,"Chondracanthus chamissoi","Red algae chicorea"
"COCHAYUYO","I",0,"dry algae",2013,"Durvillaea antarctica","New Zealand bull"
"HAEMATOCOCCUS","I",8,"dry algae",2013,"Haematococcus pluvialis","Haematococcus"
"HUIRO","I",1218,"dry algae",2013,"Macrocystis spp.","Giant kelp"
"HUIRO PALO","I",496,"dry algae",2013,"Lessonia trabeculata","Giant brown kelp"
"LUCHE","I",0,"dry algae",2013,"Porphyra columbina","Luche"
"LUGA CUCHARA O CORTA","I",0,"dry algae",2013,"Mazzaella laminarioides","Luga"
"LUGA NEGRA O CRESPA","I",0,"dry algae",2013,"Sarcothalia crispata","Black algae luga"
"LUGA-ROJA","I",0,"dry algae",2013,"Gigartina skottsbergii","Red luga"
"PELILLO","I",0,"dry algae",2013,"Gracilaria spp.","Red algae gracilaria"
"SPIRULINA","I",6,"dry algae",2013,"Spirulina spp.","Spirulina"
"CHASCA","II",0,"dry algae",2013,"Gelidium rex","Red algae"
"CHASCON O HUIRO NEGRO","II",17643,"dry algae",2013,"Lessonia nigrescens","Giant grey kelp"
"CHICOREA DE MAR","II",0,"dry algae",2013,"Chondracanthus chamissoi","Red algae chicorea"
"COCHAYUYO","II",0,"dry algae",2013,"Durvillaea antarctica","New Zealand bull"
"HAEMATOCOCCUS","II",0,"dry algae",2013,"Haematococcus pluvialis","Haematococcus"
"HUIRO","II",1469,"dry algae",2013,"Macrocystis spp.","Giant kelp"
"HUIRO PALO","II",1170,"dry algae",2013,"Lessonia trabeculata","Giant brown kelp"
"LUCHE","II",0,"dry algae",2013,"Porphyra columbina","Luche"
"LUGA CUCHARA O CORTA","II",0,"dry algae",2013,"Mazzaella laminarioides","Luga"
"LUGA NEGRA O CRESPA","II",0,"dry algae",2013,"Sarcothalia crispata","Black algae luga"
"LUGA-ROJA","II",0,"dry algae",2013,"Gigartina skottsbergii","Red luga"
"PELILLO","II",0,"dry algae",2013,"Gracilaria spp.","Red algae gracilaria"
"SPIRULINA","II",0,"dry algae",2013,"Spirulina spp.","Spirulina"
"CHASCA","III",0,"dry algae",2013,"Gelidium rex","Red algae"
"CHASCON O HUIRO NEGRO","III",38406,"dry algae",2013,"Lessonia nigrescens","Giant grey kelp"
"CHICOREA DE MAR","III",0,"dry algae",2013,"Chondracanthus chamissoi","Red algae chicorea"
"COCHAYUYO","III",223,"dry algae",2013,"Durvillaea antarctica","New Zealand bull"
"HAEMATOCOCCUS","III",0,"dry algae",2013,"Haematococcus pluvialis","Haematococcus"
"HUIRO","III",798,"dry algae",2013,"Macrocystis spp.","Giant kelp"
"HUIRO PALO","III",2881,"dry algae",2013,"Lessonia trabeculata","Giant brown kelp"
"LUCHE","III",0,"dry algae",2013,"Porphyra columbina","Luche"
"LUGA CUCHARA O CORTA","III",0,"dry algae",2013,"Mazzaella laminarioides","Luga"
"LUGA NEGRA O CRESPA","III",0,"dry algae",2013,"Sarcothalia crispata","Black algae luga"
"LUGA-ROJA","III",0,"dry algae",2013,"Gigartina skottsbergii","Red luga"
"PELILLO","III",0,"dry algae",2013,"Gracilaria spp.","Red algae gracilaria"
"SPIRULINA","III",0,"dry algae",2013,"Spirulina spp.","Spirulina"
"CHASCA","IV",0,"dry algae",2013,"Gelidium rex","Red algae"
"CHASCON O HUIRO NEGRO","IV",4430,"dry algae",2013,"Lessonia nigrescens","Giant grey kelp"
"CHICOREA DE MAR","IV",20,"dry algae",2013,"Chondracanthus chamissoi","Red algae chicorea"
"COCHAYUYO","IV",125,"dry algae",2013,"Durvillaea antarctica","New Zealand bull"
"HAEMATOCOCCUS","IV",0,"dry algae",2013,"Haematococcus pluvialis","Haematococcus"
"HUIRO","IV",1242,"dry algae",2013,"Macrocystis spp.","Giant kelp"
"HUIRO PALO","IV",2085,"dry algae",2013,"Lessonia trabeculata","Giant brown kelp"
"LUCHE","IV",0,"dry algae",2013,"Porphyra columbina","Luche"
"LUGA CUCHARA O CORTA","IV",0,"dry algae",2013,"Mazzaella laminarioides","Luga"
"LUGA NEGRA O CRESPA","IV",0,"dry algae",2013,"Sarcothalia crispata","Black algae luga"
"LUGA-ROJA","IV",0,"dry algae",2013,"Gigartina skottsbergii","Red luga"
"PELILLO","IV",187,"dry algae",2013,"Gracilaria spp.","Red algae gracilaria"
"SPIRULINA","IV",0,"dry algae",2013,"Spirulina spp.","Spirulina"
"CHASCA","V",32,"dry algae",2013,"Gelidium rex","Red algae"
"CHASCON O HUIRO NEGRO","V",1998,"dry algae",2013,"Lessonia nigrescens","Giant grey kelp"
"CHICOREA DE MAR","V",0,"dry algae",2013,"Chondracanthus chamissoi","Red algae chicorea"
"COCHAYUYO","V",221,"dry algae",2013,"Durvillaea antarctica","New Zealand bull"
"HAEMATOCOCCUS","V",0,"dry algae",2013,"Haematococcus pluvialis","Haematococcus"
"HUIRO","V",67,"dry algae",2013,"Macrocystis spp.","Giant kelp"
"HUIRO PALO","V",748,"dry algae",2013,"Lessonia trabeculata","Giant brown kelp"
"LUCHE","V",0,"dry algae",2013,"Porphyra columbina","Luche"
"LUGA CUCHARA O CORTA","V",132,"dry algae",2013,"Mazzaella laminarioides","Luga"
"LUGA NEGRA O CRESPA","V",94,"dry algae",2013,"Sarcothalia crispata","Black algae luga"
"LUGA-ROJA","V",90,"dry algae",2013,"Gigartina skottsbergii","Red luga"
"PELILLO","V",3104,"dry algae",2013,"Gracilaria spp.","Red algae gracilaria"
"SPIRULINA","V",0,"dry algae",2013,"Spirulina spp.","Spirulina"
"CHASCA","VI",0,"dry algae",2013,"Gelidium rex","Red algae"
"CHASCON O HUIRO NEGRO","VI",77,"dry algae",2013,"Lessonia nigrescens","Giant grey kelp"
"CHICOREA DE MAR","VI",0,"dry algae",2013,"Chondracanthus chamissoi","Red algae chicorea"
"COCHAYUYO","VI",153,"dry algae",2013,"Durvillaea antarctica","New Zealand bull"
"HAEMATOCOCCUS","VI",0,"dry algae",2013,"Haematococcus pluvialis","Haematococcus"
"HUIRO","VI",33,"dry algae",2013,"Macrocystis spp.","Giant kelp"
"HUIRO PALO","VI",0,"dry algae",2013,"Lessonia trabeculata","Giant brown kelp"
"LUCHE","VI",0,"dry algae",2013,"Porphyra columbina","Luche"
"LUGA CUCHARA O CORTA","VI",0,"dry algae",2013,"Mazzaella laminarioides","Luga"
"LUGA NEGRA O CRESPA","VI",0,"dry algae",2013,"Sarcothalia crispata","Black algae luga"
"LUGA-ROJA","VI",0,"dry algae",2013,"Gigartina skottsbergii","Red luga"
"PELILLO","VI",0,"dry algae",2013,"Gracilaria spp.","Red algae gracilaria"
"SPIRULINA","VI",0,"dry algae",2013,"Spirulina spp.","Spirulina"
"CHASCA","VII",0,"dry algae",2013,"Gelidium rex","Red algae"
"CHASCON O HUIRO NEGRO","VII",0,"dry algae",2013,"Lessonia nigrescens","Giant grey kelp"
"CHICOREA DE MAR","VII",0,"dry algae",2013,"Chondracanthus chamissoi","Red algae chicorea"
"COCHAYUYO","VII",0,"dry algae",2013,"Durvillaea antarctica","New Zealand bull"
"HAEMATOCOCCUS","VII",0,"dry algae",2013,"Haematococcus pluvialis","Haematococcus"
"HUIRO","VII",0,"dry algae",2013,"Macrocystis spp.","Giant kelp"
"HUIRO PALO","VII",0,"dry algae",2013,"Lessonia trabeculata","Giant brown kelp"
"LUCHE","VII",0,"dry algae",2013,"Porphyra columbina","Luche"
"LUGA CUCHARA O CORTA","VII",0,"dry algae",2013,"Mazzaella laminarioides","Luga"
"LUGA NEGRA O CRESPA","VII",0,"dry algae",2013,"Sarcothalia crispata","Black algae luga"
"LUGA-ROJA","VII",0,"dry algae",2013,"Gigartina skottsbergii","Red luga"
"PELILLO","VII",0,"dry algae",2013,"Gracilaria spp.","Red algae gracilaria"
"SPIRULINA","VII",0,"dry algae",2013,"Spirulina spp.","Spirulina"
"CHASCA","VIII",1,"dry algae",2013,"Gelidium rex","Red algae"
"CHASCON O HUIRO NEGRO","VIII",739,"dry algae",2013,"Lessonia nigrescens","Giant grey kelp"
"CHICOREA DE MAR","VIII",254,"dry algae",2013,"Chondracanthus chamissoi","Red algae chicorea"
"COCHAYUYO","VIII",1825,"dry algae",2013,"Durvillaea antarctica","New Zealand bull"
"HAEMATOCOCCUS","VIII",0,"dry algae",2013,"Haematococcus pluvialis","Haematococcus"
"HUIRO","VIII",62,"dry algae",2013,"Macrocystis spp.","Giant kelp"
"HUIRO PALO","VIII",176,"dry algae",2013,"Lessonia trabeculata","Giant brown kelp"
"LUCHE","VIII",0,"dry algae",2013,"Porphyra columbina","Luche"
"LUGA CUCHARA O CORTA","VIII",325,"dry algae",2013,"Mazzaella laminarioides","Luga"
"LUGA NEGRA O CRESPA","VIII",4475,"dry algae",2013,"Sarcothalia crispata","Black algae luga"
"LUGA-ROJA","VIII",1603,"dry algae",2013,"Gigartina skottsbergii","Red luga"
"PELILLO","VIII",204,"dry algae",2013,"Gracilaria spp.","Red algae gracilaria"
"SPIRULINA","VIII",0,"dry algae",2013,"Spirulina spp.","Spirulina"
"CHASCA","IX",0,"dry algae",2013,"Gelidium rex","Red algae"
"CHASCON O HUIRO NEGRO","IX",0,"dry algae",2013,"Lessonia nigrescens","Giant grey kelp"
"CHICOREA DE MAR","IX",0,"dry algae",2013,"Chondracanthus chamissoi","Red algae chicorea"
"COCHAYUYO","IX",0,"dry algae",2013,"Durvillaea antarctica","New Zealand bull"
"HAEMATOCOCCUS","IX",0,"dry algae",2013,"Haematococcus pluvialis","Haematococcus"
"HUIRO","IX",0,"dry algae",2013,"Macrocystis spp.","Giant kelp"
"HUIRO PALO","IX",0,"dry algae",2013,"Lessonia trabeculata","Giant brown kelp"
"LUCHE","IX",0,"dry algae",2013,"Porphyra columbina","Luche"
"LUGA CUCHARA O CORTA","IX",0,"dry algae",2013,"Mazzaella laminarioides","Luga"
"LUGA NEGRA O CRESPA","IX",0,"dry algae",2013,"Sarcothalia crispata","Black algae luga"
"LUGA-ROJA","IX",0,"dry algae",2013,"Gigartina skottsbergii","Red luga"
"PELILLO","IX",0,"dry algae",2013,"Gracilaria spp.","Red algae gracilaria"
"SPIRULINA","IX",0,"dry algae",2013,"Spirulina spp.","Spirulina"
"CHASCA","XIV",0,"dry algae",2013,"Gelidium rex","Red algae"
"CHASCON O HUIRO NEGRO","XIV",0,"dry algae",2013,"Lessonia nigrescens","Giant grey kelp"
"CHICOREA DE MAR","XIV",0,"dry algae",2013,"Chondracanthus chamissoi","Red algae chicorea"
"COCHAYUYO","XIV",0,"dry algae",2013,"Durvillaea antarctica","New Zealand bull"
"HAEMATOCOCCUS","XIV",0,"dry algae",2013,"Haematococcus pluvialis","Haematococcus"
"HUIRO","XIV",3,"dry algae",2013,"Macrocystis spp.","Giant kelp"
"HUIRO PALO","XIV",0,"dry algae",2013,"Lessonia trabeculata","Giant brown kelp"
"LUCHE","XIV",0,"dry algae",2013,"Porphyra columbina","Luche"
"LUGA CUCHARA O CORTA","XIV",0,"dry algae",2013,"Mazzaella laminarioides","Luga"
"LUGA NEGRA O CRESPA","XIV",0,"dry algae",2013,"Sarcothalia crispata","Black algae luga"
"LUGA-ROJA","XIV",0,"dry algae",2013,"Gigartina skottsbergii","Red luga"
"PELILLO","XIV",0,"dry algae",2013,"Gracilaria spp.","Red algae gracilaria"
"SPIRULINA","XIV",0,"dry algae",2013,"Spirulina spp.","Spirulina"
"CHASCA","X",0,"dry algae",2013,"Gelidium rex","Red algae"
"CHASCON O HUIRO NEGRO","X",0,"dry algae",2013,"Lessonia nigrescens","Giant grey kelp"
"CHICOREA DE MAR","X",16,"dry algae",2013,"Chondracanthus chamissoi","Red algae chicorea"
"COCHAYUYO","X",3,"dry algae",2013,"Durvillaea antarctica","New Zealand bull"
"HAEMATOCOCCUS","X",0,"dry algae",2013,"Haematococcus pluvialis","Haematococcus"
"HUIRO","X",0,"dry algae",2013,"Macrocystis spp.","Giant kelp"
"HUIRO PALO","X",0,"dry algae",2013,"Lessonia trabeculata","Giant brown kelp"
"LUCHE","X",0,"dry algae",2013,"Porphyra columbina","Luche"
"LUGA CUCHARA O CORTA","X",0,"dry algae",2013,"Mazzaella laminarioides","Luga"
"LUGA NEGRA O CRESPA","X",42,"dry algae",2013,"Sarcothalia crispata","Black algae luga"
"LUGA-ROJA","X",410,"dry algae",2013,"Gigartina skottsbergii","Red luga"
"PELILLO","X",0,"dry algae",2013,"Gracilaria spp.","Red algae gracilaria"
"SPIRULINA","X",0,"dry algae",2013,"Spirulina spp.","Spirulina"
"CHASCA","XI",0,"dry algae",2013,"Gelidium rex","Red algae"
"CHASCON O HUIRO NEGRO","XI",0,"dry algae",2013,"Lessonia nigrescens","Giant grey kelp"
"CHICOREA DE MAR","XI",0,"dry algae",2013,"Chondracanthus chamissoi","Red algae chicorea"
"COCHAYUYO","XI",0,"dry algae",2013,"Durvillaea antarctica","New Zealand bull"
"HAEMATOCOCCUS","XI",0,"dry algae",2013,"Haematococcus pluvialis","Haematococcus"
"HUIRO","XI",0,"dry algae",2013,"Macrocystis spp.","Giant kelp"
"HUIRO PALO","XI",0,"dry algae",2013,"Lessonia trabeculata","Giant brown kelp"
"LUCHE","XI",0,"dry algae",2013,"Porphyra columbina","Luche"
"LUGA CUCHARA O CORTA","XI",0,"dry algae",2013,"Mazzaella laminarioides","Luga"
"LUGA NEGRA O CRESPA","XI",0,"dry algae",2013,"Sarcothalia crispata","Black algae luga"
"LUGA-ROJA","XI",0,"dry algae",2013,"Gigartina skottsbergii","Red luga"
"PELILLO","XI",0,"dry algae",2013,"Gracilaria spp.","Red algae gracilaria"
"SPIRULINA","XI",0,"dry algae",2013,"Spirulina spp.","Spirulina"
"CHASCA","XII",0,"dry algae",2013,"Gelidium rex","Red algae"
"CHASCON O HUIRO NEGRO","XII",0,"dry algae",2013,"Lessonia nigrescens","Giant grey kelp"
"CHICOREA DE MAR","XII",0,"dry algae",2013,"Chondracanthus chamissoi","Red algae chicorea"
"COCHAYUYO","XII",0,"dry algae",2013,"Durvillaea antarctica","New Zealand bull"
"HAEMATOCOCCUS","XII",0,"dry algae",2013,"Haematococcus pluvialis","Haematococcus"
"HUIRO","XII",0,"dry algae",2013,"Macrocystis spp.","Giant kelp"
"HUIRO PALO","XII",0,"dry algae",2013,"Lessonia trabeculata","Giant brown kelp"
"LUCHE","XII",0,"dry algae",2013,"Porphyra columbina","Luche"
"LUGA CUCHARA O CORTA","XII",0,"dry algae",2013,"Mazzaella laminarioides","Luga"
"LUGA NEGRA O CRESPA","XII",0,"dry algae",2013,"Sarcothalia crispata","Black algae luga"
"LUGA-ROJA","XII",1767,"dry algae",2013,"Gigartina skottsbergii","Red luga"
"PELILLO","XII",0,"dry algae",2013,"Gracilaria spp.","Red algae gracilaria"
"SPIRULINA","XII",0,"dry algae",2013,"Spirulina spp.","Spirulina"
"CHASCA","RM",36,"dry algae",2013,"Gelidium rex","Red algae"
"CHASCON O HUIRO NEGRO","RM",26,"dry algae",2013,"Lessonia nigrescens","Giant grey kelp"
"CHICOREA DE MAR","RM",0,"dry algae",2013,"Chondracanthus chamissoi","Red algae chicorea"
"COCHAYUYO","RM",0,"dry algae",2013,"Durvillaea antarctica","New Zealand bull"
"HAEMATOCOCCUS","RM",0,"dry algae",2013,"Haematococcus pluvialis","Haematococcus"
"HUIRO","RM",75,"dry algae",2013,"Macrocystis spp.","Giant kelp"
"HUIRO PALO","RM",0,"dry algae",2013,"Lessonia trabeculata","Giant brown kelp"
"LUCHE","RM",0,"dry algae",2013,"Porphyra columbina","Luche"
"LUGA CUCHARA O CORTA","RM",74,"dry algae",2013,"Mazzaella laminarioides","Luga"
"LUGA NEGRA O CRESPA","RM",1294,"dry algae",2013,"Sarcothalia crispata","Black algae luga"
"LUGA-ROJA","RM",111,"dry algae",2013,"Gigartina skottsbergii","Red luga"
"PELILLO","RM",296,"dry algae",2013,"Gracilaria spp.","Red algae gracilaria"
"SPIRULINA","RM",0,"dry algae",2013,"Spirulina spp.","Spirulina"
"CHASCA","XV",0,"dry algae",2014,"Gelidium rex","Red algae"
"CHASCON O HUIRO NEGRO","XV",0,"dry algae",2014,"Lessonia nigrescens","Giant grey kelp"
"CHICOREA DE MAR","XV",0,"dry algae",2014,"Chondracanthus chamissoi","Red algae chicorea"
"COCHAYUYO","XV",0,"dry algae",2014,"Durvillaea antarctica","New Zealand bull"
"HAEMATOCOCCUS","XV",0,"dry algae",2014,"Haematococcus pluvialis","Haematococcus"
"HUIRO","XV",0,"dry algae",2014,"Macrocystis spp.","Giant kelp"
"HUIRO PALO","XV",0,"dry algae",2014,"Lessonia trabeculata","Giant brown kelp"
"LUGA CUCHARA O CORTA","XV",0,"dry algae",2014,"Mazzaella laminarioides","Luga"
"LUGA NEGRA O CRESPA","XV",0,"dry algae",2014,"Sarcothalia crispata","Black algae luga"
"LUGA-ROJA","XV",0,"dry algae",2014,"Gigartina skottsbergii","Red luga"
"PELILLO","XV",0,"dry algae",2014,"Gracilaria spp.","Red algae gracilaria"
"CHASCA","I",0,"dry algae",2014,"Gelidium rex","Red algae"
"CHASCON O HUIRO NEGRO","I",10702,"dry algae",2014,"Lessonia nigrescens","Giant grey kelp"
"CHICOREA DE MAR","I",0,"dry algae",2014,"Chondracanthus chamissoi","Red algae chicorea"
"COCHAYUYO","I",0,"dry algae",2014,"Durvillaea antarctica","New Zealand bull"
"HAEMATOCOCCUS","I",4,"dry algae",2014,"Haematococcus pluvialis","Haematococcus"
"HUIRO","I",636,"dry algae",2014,"Macrocystis spp.","Giant kelp"
"HUIRO PALO","I",635,"dry algae",2014,"Lessonia trabeculata","Giant brown kelp"
"LUGA CUCHARA O CORTA","I",0,"dry algae",2014,"Mazzaella laminarioides","Luga"
"LUGA NEGRA O CRESPA","I",0,"dry algae",2014,"Sarcothalia crispata","Black algae luga"
"LUGA-ROJA","I",0,"dry algae",2014,"Gigartina skottsbergii","Red luga"
"PELILLO","I",0,"dry algae",2014,"Gracilaria spp.","Red algae gracilaria"
"CHASCA","II",0,"dry algae",2014,"Gelidium rex","Red algae"
"CHASCON O HUIRO NEGRO","II",21334,"dry algae",2014,"Lessonia nigrescens","Giant grey kelp"
"CHICOREA DE MAR","II",0,"dry algae",2014,"Chondracanthus chamissoi","Red algae chicorea"
"COCHAYUYO","II",0,"dry algae",2014,"Durvillaea antarctica","New Zealand bull"
"HAEMATOCOCCUS","II",0,"dry algae",2014,"Haematococcus pluvialis","Haematococcus"
"HUIRO","II",588,"dry algae",2014,"Macrocystis spp.","Giant kelp"
"HUIRO PALO","II",2703,"dry algae",2014,"Lessonia trabeculata","Giant brown kelp"
"LUGA CUCHARA O CORTA","II",0,"dry algae",2014,"Mazzaella laminarioides","Luga"
"LUGA NEGRA O CRESPA","II",0,"dry algae",2014,"Sarcothalia crispata","Black algae luga"
"LUGA-ROJA","II",0,"dry algae",2014,"Gigartina skottsbergii","Red luga"
"PELILLO","II",29,"dry algae",2014,"Gracilaria spp.","Red algae gracilaria"
"CHASCA","III",0,"dry algae",2014,"Gelidium rex","Red algae"
"CHASCON O HUIRO NEGRO","III",14342,"dry algae",2014,"Lessonia nigrescens","Giant grey kelp"
"CHICOREA DE MAR","III",0,"dry algae",2014,"Chondracanthus chamissoi","Red algae chicorea"
"COCHAYUYO","III",159,"dry algae",2014,"Durvillaea antarctica","New Zealand bull"
"HAEMATOCOCCUS","III",0,"dry algae",2014,"Haematococcus pluvialis","Haematococcus"
"HUIRO","III",734,"dry algae",2014,"Macrocystis spp.","Giant kelp"
"HUIRO PALO","III",4095,"dry algae",2014,"Lessonia trabeculata","Giant brown kelp"
"LUGA CUCHARA O CORTA","III",0,"dry algae",2014,"Mazzaella laminarioides","Luga"
"LUGA NEGRA O CRESPA","III",0,"dry algae",2014,"Sarcothalia crispata","Black algae luga"
"LUGA-ROJA","III",0,"dry algae",2014,"Gigartina skottsbergii","Red luga"
"PELILLO","III",0,"dry algae",2014,"Gracilaria spp.","Red algae gracilaria"
"CHASCA","IV",5,"dry algae",2014,"Gelidium rex","Red algae"
"CHASCON O HUIRO NEGRO","IV",4307,"dry algae",2014,"Lessonia nigrescens","Giant grey kelp"
"CHICOREA DE MAR","IV",50,"dry algae",2014,"Chondracanthus chamissoi","Red algae chicorea"
"COCHAYUYO","IV",74,"dry algae",2014,"Durvillaea antarctica","New Zealand bull"
"HAEMATOCOCCUS","IV",0,"dry algae",2014,"Haematococcus pluvialis","Haematococcus"
"HUIRO","IV",1410,"dry algae",2014,"Macrocystis spp.","Giant kelp"
"HUIRO PALO","IV",3223,"dry algae",2014,"Lessonia trabeculata","Giant brown kelp"
"LUGA CUCHARA O CORTA","IV",0,"dry algae",2014,"Mazzaella laminarioides","Luga"
"LUGA NEGRA O CRESPA","IV",0,"dry algae",2014,"Sarcothalia crispata","Black algae luga"
"LUGA-ROJA","IV",0,"dry algae",2014,"Gigartina skottsbergii","Red luga"
"PELILLO","IV",381,"dry algae",2014,"Gracilaria spp.","Red algae gracilaria"
"CHASCA","V",72,"dry algae",2014,"Gelidium rex","Red algae"
"CHASCON O HUIRO NEGRO","V",1331,"dry algae",2014,"Lessonia nigrescens","Giant grey kelp"
"CHICOREA DE MAR","V",0,"dry algae",2014,"Chondracanthus chamissoi","Red algae chicorea"
"COCHAYUYO","V",141,"dry algae",2014,"Durvillaea antarctica","New Zealand bull"
"HAEMATOCOCCUS","V",0,"dry algae",2014,"Haematococcus pluvialis","Haematococcus"
"HUIRO","V",59,"dry algae",2014,"Macrocystis spp.","Giant kelp"
"HUIRO PALO","V",663,"dry algae",2014,"Lessonia trabeculata","Giant brown kelp"
"LUGA CUCHARA O CORTA","V",156,"dry algae",2014,"Mazzaella laminarioides","Luga"
"LUGA NEGRA O CRESPA","V",108,"dry algae",2014,"Sarcothalia crispata","Black algae luga"
"LUGA-ROJA","V",108,"dry algae",2014,"Gigartina skottsbergii","Red luga"
"PELILLO","V",969,"dry algae",2014,"Gracilaria spp.","Red algae gracilaria"
"CHASCA","VI",0,"dry algae",2014,"Gelidium rex","Red algae"
"CHASCON O HUIRO NEGRO","VI",19,"dry algae",2014,"Lessonia nigrescens","Giant grey kelp"
"CHICOREA DE MAR","VI",0,"dry algae",2014,"Chondracanthus chamissoi","Red algae chicorea"
"COCHAYUYO","VI",134,"dry algae",2014,"Durvillaea antarctica","New Zealand bull"
"HAEMATOCOCCUS","VI",0,"dry algae",2014,"Haematococcus pluvialis","Haematococcus"
"HUIRO","VI",0,"dry algae",2014,"Macrocystis spp.","Giant kelp"
"HUIRO PALO","VI",0,"dry algae",2014,"Lessonia trabeculata","Giant brown kelp"
"LUGA CUCHARA O CORTA","VI",0,"dry algae",2014,"Mazzaella laminarioides","Luga"
"LUGA NEGRA O CRESPA","VI",0,"dry algae",2014,"Sarcothalia crispata","Black algae luga"
"LUGA-ROJA","VI",0,"dry algae",2014,"Gigartina skottsbergii","Red luga"
"PELILLO","VI",0,"dry algae",2014,"Gracilaria spp.","Red algae gracilaria"
"CHASCA","VII",0,"dry algae",2014,"Gelidium rex","Red algae"
"CHASCON O HUIRO NEGRO","VII",0,"dry algae",2014,"Lessonia nigrescens","Giant grey kelp"
"CHICOREA DE MAR","VII",0,"dry algae",2014,"Chondracanthus chamissoi","Red algae chicorea"
"COCHAYUYO","VII",56,"dry algae",2014,"Durvillaea antarctica","New Zealand bull"
"HAEMATOCOCCUS","VII",0,"dry algae",2014,"Haematococcus pluvialis","Haematococcus"
"HUIRO","VII",0,"dry algae",2014,"Macrocystis spp.","Giant kelp"
"HUIRO PALO","VII",0,"dry algae",2014,"Lessonia trabeculata","Giant brown kelp"
"LUGA CUCHARA O CORTA","VII",0,"dry algae",2014,"Mazzaella laminarioides","Luga"
"LUGA NEGRA O CRESPA","VII",0,"dry algae",2014,"Sarcothalia crispata","Black algae luga"
"LUGA-ROJA","VII",0,"dry algae",2014,"Gigartina skottsbergii","Red luga"
"PELILLO","VII",0,"dry algae",2014,"Gracilaria spp.","Red algae gracilaria"
"CHASCA","VIII",2,"dry algae",2014,"Gelidium rex","Red algae"
"CHASCON O HUIRO NEGRO","VIII",225,"dry algae",2014,"Lessonia nigrescens","Giant grey kelp"
"CHICOREA DE MAR","VIII",385,"dry algae",2014,"Chondracanthus chamissoi","Red algae chicorea"
"COCHAYUYO","VIII",1846,"dry algae",2014,"Durvillaea antarctica","New Zealand bull"
"HAEMATOCOCCUS","VIII",0,"dry algae",2014,"Haematococcus pluvialis","Haematococcus"
"HUIRO","VIII",54,"dry algae",2014,"Macrocystis spp.","Giant kelp"
"HUIRO PALO","VIII",119,"dry algae",2014,"Lessonia trabeculata","Giant brown kelp"
"LUGA CUCHARA O CORTA","VIII",670,"dry algae",2014,"Mazzaella laminarioides","Luga"
"LUGA NEGRA O CRESPA","VIII",4654,"dry algae",2014,"Sarcothalia crispata","Black algae luga"
"LUGA-ROJA","VIII",1081,"dry algae",2014,"Gigartina skottsbergii","Red luga"
"PELILLO","VIII",332,"dry algae",2014,"Gracilaria spp.","Red algae gracilaria"
"CHASCA","IX",0,"dry algae",2014,"Gelidium rex","Red algae"
"CHASCON O HUIRO NEGRO","IX",0,"dry algae",2014,"Lessonia nigrescens","Giant grey kelp"
"CHICOREA DE MAR","IX",0,"dry algae",2014,"Chondracanthus chamissoi","Red algae chicorea"
"COCHAYUYO","IX",0,"dry algae",2014,"Durvillaea antarctica","New Zealand bull"
"HAEMATOCOCCUS","IX",0,"dry algae",2014,"Haematococcus pluvialis","Haematococcus"
"HUIRO","IX",0,"dry algae",2014,"Macrocystis spp.","Giant kelp"
"HUIRO PALO","IX",0,"dry algae",2014,"Lessonia trabeculata","Giant brown kelp"
"LUGA CUCHARA O CORTA","IX",0,"dry algae",2014,"Mazzaella laminarioides","Luga"
"LUGA NEGRA O CRESPA","IX",0,"dry algae",2014,"Sarcothalia crispata","Black algae luga"
"LUGA-ROJA","IX",0,"dry algae",2014,"Gigartina skottsbergii","Red luga"
"PELILLO","IX",0,"dry algae",2014,"Gracilaria spp.","Red algae gracilaria"
"CHASCA","XIV",0,"dry algae",2014,"Gelidium rex","Red algae"
"CHASCON O HUIRO NEGRO","XIV",0,"dry algae",2014,"Lessonia nigrescens","Giant grey kelp"
"CHICOREA DE MAR","XIV",0,"dry algae",2014,"Chondracanthus chamissoi","Red algae chicorea"
"COCHAYUYO","XIV",0,"dry algae",2014,"Durvillaea antarctica","New Zealand bull"
"HAEMATOCOCCUS","XIV",0,"dry algae",2014,"Haematococcus pluvialis","Haematococcus"
"HUIRO","XIV",2,"dry algae",2014,"Macrocystis spp.","Giant kelp"
"HUIRO PALO","XIV",0,"dry algae",2014,"Lessonia trabeculata","Giant brown kelp"
"LUGA CUCHARA O CORTA","XIV",0,"dry algae",2014,"Mazzaella laminarioides","Luga"
"LUGA NEGRA O CRESPA","XIV",0,"dry algae",2014,"Sarcothalia crispata","Black algae luga"
"LUGA-ROJA","XIV",0,"dry algae",2014,"Gigartina skottsbergii","Red luga"
"PELILLO","XIV",0,"dry algae",2014,"Gracilaria spp.","Red algae gracilaria"
"CHASCA","X",0,"dry algae",2014,"Gelidium rex","Red algae"
"CHASCON O HUIRO NEGRO","X",1,"dry algae",2014,"Lessonia nigrescens","Giant grey kelp"
"CHICOREA DE MAR","X",1,"dry algae",2014,"Chondracanthus chamissoi","Red algae chicorea"
"COCHAYUYO","X",78,"dry algae",2014,"Durvillaea antarctica","New Zealand bull"
"HAEMATOCOCCUS","X",0,"dry algae",2014,"Haematococcus pluvialis","Haematococcus"
"HUIRO","X",0,"dry algae",2014,"Macrocystis spp.","Giant kelp"
"HUIRO PALO","X",0,"dry algae",2014,"Lessonia trabeculata","Giant brown kelp"
"LUGA CUCHARA O CORTA","X",0,"dry algae",2014,"Mazzaella laminarioides","Luga"
"LUGA NEGRA O CRESPA","X",91,"dry algae",2014,"Sarcothalia crispata","Black algae luga"
"LUGA-ROJA","X",374,"dry algae",2014,"Gigartina skottsbergii","Red luga"
"PELILLO","X",0,"dry algae",2014,"Gracilaria spp.","Red algae gracilaria"
"CHASCA","XI",0,"dry algae",2014,"Gelidium rex","Red algae"
"CHASCON O HUIRO NEGRO","XI",0,"dry algae",2014,"Lessonia nigrescens","Giant grey kelp"
"CHICOREA DE MAR","XI",0,"dry algae",2014,"Chondracanthus chamissoi","Red algae chicorea"
"COCHAYUYO","XI",0,"dry algae",2014,"Durvillaea antarctica","New Zealand bull"
"HAEMATOCOCCUS","XI",0,"dry algae",2014,"Haematococcus pluvialis","Haematococcus"
"HUIRO","XI",0,"dry algae",2014,"Macrocystis spp.","Giant kelp"
"HUIRO PALO","XI",0,"dry algae",2014,"Lessonia trabeculata","Giant brown kelp"
"LUGA CUCHARA O CORTA","XI",0,"dry algae",2014,"Mazzaella laminarioides","Luga"
"LUGA NEGRA O CRESPA","XI",16,"dry algae",2014,"Sarcothalia crispata","Black algae luga"
"LUGA-ROJA","XI",5,"dry algae",2014,"Gigartina skottsbergii","Red luga"
"PELILLO","XI",0,"dry algae",2014,"Gracilaria spp.","Red algae gracilaria"
"CHASCA","XII",0,"dry algae",2014,"Gelidium rex","Red algae"
"CHASCON O HUIRO NEGRO","XII",0,"dry algae",2014,"Lessonia nigrescens","Giant grey kelp"
"CHICOREA DE MAR","XII",0,"dry algae",2014,"Chondracanthus chamissoi","Red algae chicorea"
"COCHAYUYO","XII",0,"dry algae",2014,"Durvillaea antarctica","New Zealand bull"
"HAEMATOCOCCUS","XII",0,"dry algae",2014,"Haematococcus pluvialis","Haematococcus"
"HUIRO","XII",0,"dry algae",2014,"Macrocystis spp.","Giant kelp"
"HUIRO PALO","XII",0,"dry algae",2014,"Lessonia trabeculata","Giant brown kelp"
"LUGA CUCHARA O CORTA","XII",0,"dry algae",2014,"Mazzaella laminarioides","Luga"
"LUGA NEGRA O CRESPA","XII",0,"dry algae",2014,"Sarcothalia crispata","Black algae luga"
"LUGA-ROJA","XII",1767,"dry algae",2014,"Gigartina skottsbergii","Red luga"
"PELILLO","XII",0,"dry algae",2014,"Gracilaria spp.","Red algae gracilaria"
"CHASCA","RM",8,"dry algae",2014,"Gelidium rex","Red algae"
"CHASCON O HUIRO NEGRO","RM",38,"dry algae",2014,"Lessonia nigrescens","Giant grey kelp"
"CHICOREA DE MAR","RM",0,"dry algae",2014,"Chondracanthus chamissoi","Red algae chicorea"
"COCHAYUYO","RM",0,"dry algae",2014,"Durvillaea antarctica","New Zealand bull"
"HAEMATOCOCCUS","RM",0,"dry algae",2014,"Haematococcus pluvialis","Haematococcus"
"HUIRO","RM",41,"dry algae",2014,"Macrocystis spp.","Giant kelp"
"HUIRO PALO","RM",427,"dry algae",2014,"Lessonia trabeculata","Giant brown kelp"
"LUGA CUCHARA O CORTA","RM",43,"dry algae",2014,"Mazzaella laminarioides","Luga"
"LUGA NEGRA O CRESPA","RM",1592,"dry algae",2014,"Sarcothalia crispata","Black algae luga"
"LUGA-ROJA","RM",493,"dry algae",2014,"Gigartina skottsbergii","Red luga"
"PELILLO","RM",58,"dry algae",2014,"Gracilaria spp.","Red algae gracilaria"
"CHASCA","XV",0,"dry algae",2015,"Gelidium rex","Red algae"
"CHASCON O HUIRO NEGRO","XV",0,"dry algae",2015,"Lessonia nigrescens","Giant grey kelp"
"CHICOREA DE MAR","XV",0,"dry algae",2015,"Chondracanthus chamissoi","Red algae chicorea"
"COCHAYUYO","XV",0,"dry algae",2015,"Durvillaea antarctica","New Zealand bull"
"HUIRO","XV",0,"dry algae",2015,"Macrocystis spp.","Giant kelp"
"HUIRO PALO","XV",0,"dry algae",2015,"Lessonia trabeculata","Giant brown kelp"
"LIQUEN GOMOSO","XV",0,"dry algae",2015,"Gymnogongrus furcellatus","Liquen Gomoso"
"LUCHE","XV",0,"dry algae",2015,"Porphyra columbina","Luche"
"LUGA CUCHARA O CORTA","XV",0,"dry algae",2015,"Mazzaella laminarioides","Luga"
"LUGA NEGRA O CRESPA","XV",0,"dry algae",2015,"Sarcothalia crispata","Black algae luga"
"LUGA-ROJA","XV",0,"dry algae",2015,"Gigartina skottsbergii","Red luga"
"PELILLO","XV",0,"dry algae",2015,"Gracilaria spp.","Red algae gracilaria"
"CHASCA","I",0,"dry algae",2015,"Gelidium rex","Red algae"
"CHASCON O HUIRO NEGRO","I",1862,"dry algae",2015,"Lessonia nigrescens","Giant grey kelp"
"CHICOREA DE MAR","I",0,"dry algae",2015,"Chondracanthus chamissoi","Red algae chicorea"
"COCHAYUYO","I",0,"dry algae",2015,"Durvillaea antarctica","New Zealand bull"
"HUIRO","I",371,"dry algae",2015,"Macrocystis spp.","Giant kelp"
"HUIRO PALO","I",0,"dry algae",2015,"Lessonia trabeculata","Giant brown kelp"
"LIQUEN GOMOSO","I",0,"dry algae",2015,"Gymnogongrus furcellatus","Liquen Gomoso"
"LUCHE","I",0,"dry algae",2015,"Porphyra columbina","Luche"
"LUGA CUCHARA O CORTA","I",0,"dry algae",2015,"Mazzaella laminarioides","Luga"
"LUGA NEGRA O CRESPA","I",0,"dry algae",2015,"Sarcothalia crispata","Black algae luga"
"LUGA-ROJA","I",0,"dry algae",2015,"Gigartina skottsbergii","Red luga"
"PELILLO","I",0,"dry algae",2015,"Gracilaria spp.","Red algae gracilaria"
"CHASCA","II",0,"dry algae",2015,"Gelidium rex","Red algae"
"CHASCON O HUIRO NEGRO","II",4079,"dry algae",2015,"Lessonia nigrescens","Giant grey kelp"
"CHICOREA DE MAR","II",0,"dry algae",2015,"Chondracanthus chamissoi","Red algae chicorea"
"COCHAYUYO","II",0,"dry algae",2015,"Durvillaea antarctica","New Zealand bull"
"HUIRO","II",505,"dry algae",2015,"Macrocystis spp.","Giant kelp"
"HUIRO PALO","II",203,"dry algae",2015,"Lessonia trabeculata","Giant brown kelp"
"LIQUEN GOMOSO","II",0,"dry algae",2015,"Gymnogongrus furcellatus","Liquen Gomoso"
"LUCHE","II",0,"dry algae",2015,"Porphyra columbina","Luche"
"LUGA CUCHARA O CORTA","II",0,"dry algae",2015,"Mazzaella laminarioides","Luga"
"LUGA NEGRA O CRESPA","II",0,"dry algae",2015,"Sarcothalia crispata","Black algae luga"
"LUGA-ROJA","II",0,"dry algae",2015,"Gigartina skottsbergii","Red luga"
"PELILLO","II",261,"dry algae",2015,"Gracilaria spp.","Red algae gracilaria"
"CHASCA","III",0,"dry algae",2015,"Gelidium rex","Red algae"
"CHASCON O HUIRO NEGRO","III",15646,"dry algae",2015,"Lessonia nigrescens","Giant grey kelp"
"CHICOREA DE MAR","III",0,"dry algae",2015,"Chondracanthus chamissoi","Red algae chicorea"
"COCHAYUYO","III",21,"dry algae",2015,"Durvillaea antarctica","New Zealand bull"
"HUIRO","III",697,"dry algae",2015,"Macrocystis spp.","Giant kelp"
"HUIRO PALO","III",3442,"dry algae",2015,"Lessonia trabeculata","Giant brown kelp"
"LIQUEN GOMOSO","III",0,"dry algae",2015,"Gymnogongrus furcellatus","Liquen Gomoso"
"LUCHE","III",0,"dry algae",2015,"Porphyra columbina","Luche"
"LUGA CUCHARA O CORTA","III",0,"dry algae",2015,"Mazzaella laminarioides","Luga"
"LUGA NEGRA O CRESPA","III",0,"dry algae",2015,"Sarcothalia crispata","Black algae luga"
"LUGA-ROJA","III",0,"dry algae",2015,"Gigartina skottsbergii","Red luga"
"PELILLO","III",0,"dry algae",2015,"Gracilaria spp.","Red algae gracilaria"
"CHASCA","IV",3,"dry algae",2015,"Gelidium rex","Red algae"
"CHASCON O HUIRO NEGRO","IV",3653,"dry algae",2015,"Lessonia nigrescens","Giant grey kelp"
"CHICOREA DE MAR","IV",15,"dry algae",2015,"Chondracanthus chamissoi","Red algae chicorea"
"COCHAYUYO","IV",292,"dry algae",2015,"Durvillaea antarctica","New Zealand bull"
"HUIRO","IV",2898,"dry algae",2015,"Macrocystis spp.","Giant kelp"
"HUIRO PALO","IV",9295,"dry algae",2015,"Lessonia trabeculata","Giant brown kelp"
"LIQUEN GOMOSO","IV",0,"dry algae",2015,"Gymnogongrus furcellatus","Liquen Gomoso"
"LUCHE","IV",0,"dry algae",2015,"Porphyra columbina","Luche"
"LUGA CUCHARA O CORTA","IV",0,"dry algae",2015,"Mazzaella laminarioides","Luga"
"LUGA NEGRA O CRESPA","IV",0,"dry algae",2015,"Sarcothalia crispata","Black algae luga"
"LUGA-ROJA","IV",0,"dry algae",2015,"Gigartina skottsbergii","Red luga"
"PELILLO","IV",384,"dry algae",2015,"Gracilaria spp.","Red algae gracilaria"
"CHASCA","V",51,"dry algae",2015,"Gelidium rex","Red algae"
"CHASCON O HUIRO NEGRO","V",694,"dry algae",2015,"Lessonia nigrescens","Giant grey kelp"
"CHICOREA DE MAR","V",0,"dry algae",2015,"Chondracanthus chamissoi","Red algae chicorea"
"COCHAYUYO","V",176,"dry algae",2015,"Durvillaea antarctica","New Zealand bull"
"HUIRO","V",90,"dry algae",2015,"Macrocystis spp.","Giant kelp"
"HUIRO PALO","V",489,"dry algae",2015,"Lessonia trabeculata","Giant brown kelp"
"LIQUEN GOMOSO","V",0,"dry algae",2015,"Gymnogongrus furcellatus","Liquen Gomoso"
"LUCHE","V",0,"dry algae",2015,"Porphyra columbina","Luche"
"LUGA CUCHARA O CORTA","V",43,"dry algae",2015,"Mazzaella laminarioides","Luga"
"LUGA NEGRA O CRESPA","V",61,"dry algae",2015,"Sarcothalia crispata","Black algae luga"
"LUGA-ROJA","V",0,"dry algae",2015,"Gigartina skottsbergii","Red luga"
"PELILLO","V",27,"dry algae",2015,"Gracilaria spp.","Red algae gracilaria"
"CHASCA","VI",0,"dry algae",2015,"Gelidium rex","Red algae"
"CHASCON O HUIRO NEGRO","VI",0,"dry algae",2015,"Lessonia nigrescens","Giant grey kelp"
"CHICOREA DE MAR","VI",0,"dry algae",2015,"Chondracanthus chamissoi","Red algae chicorea"
"COCHAYUYO","VI",81,"dry algae",2015,"Durvillaea antarctica","New Zealand bull"
"HUIRO","VI",0,"dry algae",2015,"Macrocystis spp.","Giant kelp"
"HUIRO PALO","VI",0,"dry algae",2015,"Lessonia trabeculata","Giant brown kelp"
"LIQUEN GOMOSO","VI",0,"dry algae",2015,"Gymnogongrus furcellatus","Liquen Gomoso"
"LUCHE","VI",0,"dry algae",2015,"Porphyra columbina","Luche"
"LUGA CUCHARA O CORTA","VI",0,"dry algae",2015,"Mazzaella laminarioides","Luga"
"LUGA NEGRA O CRESPA","VI",0,"dry algae",2015,"Sarcothalia crispata","Black algae luga"
"LUGA-ROJA","VI",0,"dry algae",2015,"Gigartina skottsbergii","Red luga"
"PELILLO","VI",0,"dry algae",2015,"Gracilaria spp.","Red algae gracilaria"
"CHASCA","VII",0,"dry algae",2015,"Gelidium rex","Red algae"
"CHASCON O HUIRO NEGRO","VII",0,"dry algae",2015,"Lessonia nigrescens","Giant grey kelp"
"CHICOREA DE MAR","VII",20,"dry algae",2015,"Chondracanthus chamissoi","Red algae chicorea"
"COCHAYUYO","VII",68,"dry algae",2015,"Durvillaea antarctica","New Zealand bull"
"HUIRO","VII",0,"dry algae",2015,"Macrocystis spp.","Giant kelp"
"HUIRO PALO","VII",0,"dry algae",2015,"Lessonia trabeculata","Giant brown kelp"
"LIQUEN GOMOSO","VII",0,"dry algae",2015,"Gymnogongrus furcellatus","Liquen Gomoso"
"LUCHE","VII",0,"dry algae",2015,"Porphyra columbina","Luche"
"LUGA CUCHARA O CORTA","VII",0,"dry algae",2015,"Mazzaella laminarioides","Luga"
"LUGA NEGRA O CRESPA","VII",0,"dry algae",2015,"Sarcothalia crispata","Black algae luga"
"LUGA-ROJA","VII",0,"dry algae",2015,"Gigartina skottsbergii","Red luga"
"PELILLO","VII",12,"dry algae",2015,"Gracilaria spp.","Red algae gracilaria"
"CHASCA","VIII",0,"dry algae",2015,"Gelidium rex","Red algae"
"CHASCON O HUIRO NEGRO","VIII",28,"dry algae",2015,"Lessonia nigrescens","Giant grey kelp"
"CHICOREA DE MAR","VIII",130,"dry algae",2015,"Chondracanthus chamissoi","Red algae chicorea"
"COCHAYUYO","VIII",2085,"dry algae",2015,"Durvillaea antarctica","New Zealand bull"
"HUIRO","VIII",4,"dry algae",2015,"Macrocystis spp.","Giant kelp"
"HUIRO PALO","VIII",62,"dry algae",2015,"Lessonia trabeculata","Giant brown kelp"
"LIQUEN GOMOSO","VIII",250,"dry algae",2015,"Gymnogongrus furcellatus","Liquen Gomoso"
"LUCHE","VIII",0,"dry algae",2015,"Porphyra columbina","Luche"
"LUGA CUCHARA O CORTA","VIII",322,"dry algae",2015,"Mazzaella laminarioides","Luga"
"LUGA NEGRA O CRESPA","VIII",4965,"dry algae",2015,"Sarcothalia crispata","Black algae luga"
"LUGA-ROJA","VIII",1253,"dry algae",2015,"Gigartina skottsbergii","Red luga"
"PELILLO","VIII",710,"dry algae",2015,"Gracilaria spp.","Red algae gracilaria"
"CHASCA","IX",0,"dry algae",2015,"Gelidium rex","Red algae"
"CHASCON O HUIRO NEGRO","IX",0,"dry algae",2015,"Lessonia nigrescens","Giant grey kelp"
"CHICOREA DE MAR","IX",0,"dry algae",2015,"Chondracanthus chamissoi","Red algae chicorea"
"COCHAYUYO","IX",0,"dry algae",2015,"Durvillaea antarctica","New Zealand bull"
"HUIRO","IX",0,"dry algae",2015,"Macrocystis spp.","Giant kelp"
"HUIRO PALO","IX",0,"dry algae",2015,"Lessonia trabeculata","Giant brown kelp"
"LIQUEN GOMOSO","IX",0,"dry algae",2015,"Gymnogongrus furcellatus","Liquen Gomoso"
"LUCHE","IX",0,"dry algae",2015,"Porphyra columbina","Luche"
"LUGA CUCHARA O CORTA","IX",0,"dry algae",2015,"Mazzaella laminarioides","Luga"
"LUGA NEGRA O CRESPA","IX",0,"dry algae",2015,"Sarcothalia crispata","Black algae luga"
"LUGA-ROJA","IX",0,"dry algae",2015,"Gigartina skottsbergii","Red luga"
"PELILLO","IX",0,"dry algae",2015,"Gracilaria spp.","Red algae gracilaria"
"CHASCA","XIV",0,"dry algae",2015,"Gelidium rex","Red algae"
"CHASCON O HUIRO NEGRO","XIV",0,"dry algae",2015,"Lessonia nigrescens","Giant grey kelp"
"CHICOREA DE MAR","XIV",0,"dry algae",2015,"Chondracanthus chamissoi","Red algae chicorea"
"COCHAYUYO","XIV",0,"dry algae",2015,"Durvillaea antarctica","New Zealand bull"
"HUIRO","XIV",0,"dry algae",2015,"Macrocystis spp.","Giant kelp"
"HUIRO PALO","XIV",0,"dry algae",2015,"Lessonia trabeculata","Giant brown kelp"
"LIQUEN GOMOSO","XIV",0,"dry algae",2015,"Gymnogongrus furcellatus","Liquen Gomoso"
"LUCHE","XIV",0,"dry algae",2015,"Porphyra columbina","Luche"
"LUGA CUCHARA O CORTA","XIV",0,"dry algae",2015,"Mazzaella laminarioides","Luga"
"LUGA NEGRA O CRESPA","XIV",0,"dry algae",2015,"Sarcothalia crispata","Black algae luga"
"LUGA-ROJA","XIV",0,"dry algae",2015,"Gigartina skottsbergii","Red luga"
"PELILLO","XIV",0,"dry algae",2015,"Gracilaria spp.","Red algae gracilaria"
"CHASCA","X",0,"dry algae",2015,"Gelidium rex","Red algae"
"CHASCON O HUIRO NEGRO","X",0,"dry algae",2015,"Lessonia nigrescens","Giant grey kelp"
"CHICOREA DE MAR","X",10,"dry algae",2015,"Chondracanthus chamissoi","Red algae chicorea"
"COCHAYUYO","X",0,"dry algae",2015,"Durvillaea antarctica","New Zealand bull"
"HUIRO","X",0,"dry algae",2015,"Macrocystis spp.","Giant kelp"
"HUIRO PALO","X",0,"dry algae",2015,"Lessonia trabeculata","Giant brown kelp"
"LIQUEN GOMOSO","X",0,"dry algae",2015,"Gymnogongrus furcellatus","Liquen Gomoso"
"LUCHE","X",0,"dry algae",2015,"Porphyra columbina","Luche"
"LUGA CUCHARA O CORTA","X",0,"dry algae",2015,"Mazzaella laminarioides","Luga"
"LUGA NEGRA O CRESPA","X",1,"dry algae",2015,"Sarcothalia crispata","Black algae luga"
"LUGA-ROJA","X",523,"dry algae",2015,"Gigartina skottsbergii","Red luga"
"PELILLO","X",0,"dry algae",2015,"Gracilaria spp.","Red algae gracilaria"
"CHASCA","XI",0,"dry algae",2015,"Gelidium rex","Red algae"
"CHASCON O HUIRO NEGRO","XI",0,"dry algae",2015,"Lessonia nigrescens","Giant grey kelp"
"CHICOREA DE MAR","XI",0,"dry algae",2015,"Chondracanthus chamissoi","Red algae chicorea"
"COCHAYUYO","XI",0,"dry algae",2015,"Durvillaea antarctica","New Zealand bull"
"HUIRO","XI",0,"dry algae",2015,"Macrocystis spp.","Giant kelp"
"HUIRO PALO","XI",0,"dry algae",2015,"Lessonia trabeculata","Giant brown kelp"
"LIQUEN GOMOSO","XI",0,"dry algae",2015,"Gymnogongrus furcellatus","Liquen Gomoso"
"LUCHE","XI",0,"dry algae",2015,"Porphyra columbina","Luche"
"LUGA CUCHARA O CORTA","XI",0,"dry algae",2015,"Mazzaella laminarioides","Luga"
"LUGA NEGRA O CRESPA","XI",0,"dry algae",2015,"Sarcothalia crispata","Black algae luga"
"LUGA-ROJA","XI",0,"dry algae",2015,"Gigartina skottsbergii","Red luga"
"PELILLO","XI",0,"dry algae",2015,"Gracilaria spp.","Red algae gracilaria"
"CHASCA","XII",0,"dry algae",2015,"Gelidium rex","Red algae"
"CHASCON O HUIRO NEGRO","XII",0,"dry algae",2015,"Lessonia nigrescens","Giant grey kelp"
"CHICOREA DE MAR","XII",0,"dry algae",2015,"Chondracanthus chamissoi","Red algae chicorea"
"COCHAYUYO","XII",0,"dry algae",2015,"Durvillaea antarctica","New Zealand bull"
"HUIRO","XII",0,"dry algae",2015,"Macrocystis spp.","Giant kelp"
"HUIRO PALO","XII",0,"dry algae",2015,"Lessonia trabeculata","Giant brown kelp"
"LIQUEN GOMOSO","XII",0,"dry algae",2015,"Gymnogongrus furcellatus","Liquen Gomoso"
"LUCHE","XII",0,"dry algae",2015,"Porphyra columbina","Luche"
"LUGA CUCHARA O CORTA","XII",0,"dry algae",2015,"Mazzaella laminarioides","Luga"
"LUGA NEGRA O CRESPA","XII",0,"dry algae",2015,"Sarcothalia crispata","Black algae luga"
"LUGA-ROJA","XII",962,"dry algae",2015,"Gigartina skottsbergii","Red luga"
"PELILLO","XII",0,"dry algae",2015,"Gracilaria spp.","Red algae gracilaria"
"CHASCA","RM",16,"dry algae",2015,"Gelidium rex","Red algae"
"CHASCON O HUIRO NEGRO","RM",5,"dry algae",2015,"Lessonia nigrescens","Giant grey kelp"
"CHICOREA DE MAR","RM",14,"dry algae",2015,"Chondracanthus chamissoi","Red algae chicorea"
"COCHAYUYO","RM",0,"dry algae",2015,"Durvillaea antarctica","New Zealand bull"
"HUIRO","RM",54,"dry algae",2015,"Macrocystis spp.","Giant kelp"
"HUIRO PALO","RM",442,"dry algae",2015,"Lessonia trabeculata","Giant brown kelp"
"LIQUEN GOMOSO","RM",0,"dry algae",2015,"Gymnogongrus furcellatus","Liquen Gomoso"
"LUCHE","RM",0,"dry algae",2015,"Porphyra columbina","Luche"
"LUGA CUCHARA O CORTA","RM",155,"dry algae",2015,"Mazzaella laminarioides","Luga"
"LUGA NEGRA O CRESPA","RM",1626,"dry algae",2015,"Sarcothalia crispata","Black algae luga"
"LUGA-ROJA","RM",551,"dry algae",2015,"Gigartina skottsbergii","Red luga"
"PELILLO","RM",53,"dry algae",2015,"Gracilaria spp.","Red algae gracilaria"
"CHASCA","XV",0,"dry algae",2016,"Gelidium rex","Red algae"
"CHASCON O HUIRO NEGRO","XV",0,"dry algae",2016,"Lessonia nigrescens","Giant grey kelp"
"CHICOREA DE MAR","XV",0,"dry algae",2016,"Chondracanthus chamissoi","Red algae chicorea"
"COCHAYUYO","XV",0,"dry algae",2016,"Durvillaea antarctica","New Zealand bull"
"HAEMATOCOCCUS","XV",0,"dry algae",2016,"Haematococcus pluvialis","Haematococcus"
"HUIRO","XV",0,"dry algae",2016,"Macrocystis spp.","Giant kelp"
"HUIRO PALO","XV",0,"dry algae",2016,"Lessonia trabeculata","Giant brown kelp"
"LECHUGUILLA","XV",0,"dry algae",2016,"Ulva lactuca","Sea lettuce"
"LIQUEN GOMOSO","XV",0,"dry algae",2016,"Gymnogongrus furcellatus","Liquen Gomoso"
"LUGA CUCHARA O CORTA","XV",0,"dry algae",2016,"Mazzaella laminarioides","Luga"
"LUGA NEGRA O CRESPA","XV",0,"dry algae",2016,"Sarcothalia crispata","Black algae luga"
"LUGA-ROJA","XV",0,"dry algae",2016,"Gigartina skottsbergii","Red luga"
"PELILLO","XV",0,"dry algae",2016,"Gracilaria spp.","Red algae gracilaria"
"SPIRULINA","XV",0,"dry algae",2016,"Spirulina spp.","Spirulina"
"CHASCA","I",0,"dry algae",2016,"Gelidium rex","Red algae"
"CHASCON O HUIRO NEGRO","I",1663,"dry algae",2016,"Lessonia nigrescens","Giant grey kelp"
"CHICOREA DE MAR","I",0,"dry algae",2016,"Chondracanthus chamissoi","Red algae chicorea"
"COCHAYUYO","I",0,"dry algae",2016,"Durvillaea antarctica","New Zealand bull"
"HAEMATOCOCCUS","I",10,"dry algae",2016,"Haematococcus pluvialis","Haematococcus"
"HUIRO","I",431,"dry algae",2016,"Macrocystis spp.","Giant kelp"
"HUIRO PALO","I",34,"dry algae",2016,"Lessonia trabeculata","Giant brown kelp"
"LECHUGUILLA","I",0,"dry algae",2016,"Ulva lactuca","Sea lettuce"
"LIQUEN GOMOSO","I",0,"dry algae",2016,"Gymnogongrus furcellatus","Liquen Gomoso"
"LUGA CUCHARA O CORTA","I",0,"dry algae",2016,"Mazzaella laminarioides","Luga"
"LUGA NEGRA O CRESPA","I",0,"dry algae",2016,"Sarcothalia crispata","Black algae luga"
"LUGA-ROJA","I",0,"dry algae",2016,"Gigartina skottsbergii","Red luga"
"PELILLO","I",0,"dry algae",2016,"Gracilaria spp.","Red algae gracilaria"
"SPIRULINA","I",3,"dry algae",2016,"Spirulina spp.","Spirulina"
"CHASCA","II",0,"dry algae",2016,"Gelidium rex","Red algae"
"CHASCON O HUIRO NEGRO","II",4372,"dry algae",2016,"Lessonia nigrescens","Giant grey kelp"
"CHICOREA DE MAR","II",0,"dry algae",2016,"Chondracanthus chamissoi","Red algae chicorea"
"COCHAYUYO","II",0,"dry algae",2016,"Durvillaea antarctica","New Zealand bull"
"HAEMATOCOCCUS","II",0,"dry algae",2016,"Haematococcus pluvialis","Haematococcus"
"HUIRO","II",585,"dry algae",2016,"Macrocystis spp.","Giant kelp"
"HUIRO PALO","II",153,"dry algae",2016,"Lessonia trabeculata","Giant brown kelp"
"LECHUGUILLA","II",0,"dry algae",2016,"Ulva lactuca","Sea lettuce"
"LIQUEN GOMOSO","II",0,"dry algae",2016,"Gymnogongrus furcellatus","Liquen Gomoso"
"LUGA CUCHARA O CORTA","II",0,"dry algae",2016,"Mazzaella laminarioides","Luga"
"LUGA NEGRA O CRESPA","II",0,"dry algae",2016,"Sarcothalia crispata","Black algae luga"
"LUGA-ROJA","II",0,"dry algae",2016,"Gigartina skottsbergii","Red luga"
"PELILLO","II",60,"dry algae",2016,"Gracilaria spp.","Red algae gracilaria"
"SPIRULINA","II",0,"dry algae",2016,"Spirulina spp.","Spirulina"
"CHASCA","III",0,"dry algae",2016,"Gelidium rex","Red algae"
"CHASCON O HUIRO NEGRO","III",20255,"dry algae",2016,"Lessonia nigrescens","Giant grey kelp"
"CHICOREA DE MAR","III",0,"dry algae",2016,"Chondracanthus chamissoi","Red algae chicorea"
"COCHAYUYO","III",85,"dry algae",2016,"Durvillaea antarctica","New Zealand bull"
"HAEMATOCOCCUS","III",0,"dry algae",2016,"Haematococcus pluvialis","Haematococcus"
"HUIRO","III",864,"dry algae",2016,"Macrocystis spp.","Giant kelp"
"HUIRO PALO","III",2492,"dry algae",2016,"Lessonia trabeculata","Giant brown kelp"
"LECHUGUILLA","III",0,"dry algae",2016,"Ulva lactuca","Sea lettuce"
"LIQUEN GOMOSO","III",0,"dry algae",2016,"Gymnogongrus furcellatus","Liquen Gomoso"
"LUGA CUCHARA O CORTA","III",0,"dry algae",2016,"Mazzaella laminarioides","Luga"
"LUGA NEGRA O CRESPA","III",0,"dry algae",2016,"Sarcothalia crispata","Black algae luga"
"LUGA-ROJA","III",0,"dry algae",2016,"Gigartina skottsbergii","Red luga"
"PELILLO","III",0,"dry algae",2016,"Gracilaria spp.","Red algae gracilaria"
"SPIRULINA","III",0,"dry algae",2016,"Spirulina spp.","Spirulina"
"CHASCA","IV",3,"dry algae",2016,"Gelidium rex","Red algae"
"CHASCON O HUIRO NEGRO","IV",6642,"dry algae",2016,"Lessonia nigrescens","Giant grey kelp"
"CHICOREA DE MAR","IV",25,"dry algae",2016,"Chondracanthus chamissoi","Red algae chicorea"
"COCHAYUYO","IV",376,"dry algae",2016,"Durvillaea antarctica","New Zealand bull"
"HAEMATOCOCCUS","IV",0,"dry algae",2016,"Haematococcus pluvialis","Haematococcus"
"HUIRO","IV",1368,"dry algae",2016,"Macrocystis spp.","Giant kelp"
"HUIRO PALO","IV",5841,"dry algae",2016,"Lessonia trabeculata","Giant brown kelp"
"LECHUGUILLA","IV",0,"dry algae",2016,"Ulva lactuca","Sea lettuce"
"LIQUEN GOMOSO","IV",0,"dry algae",2016,"Gymnogongrus furcellatus","Liquen Gomoso"
"LUGA CUCHARA O CORTA","IV",0,"dry algae",2016,"Mazzaella laminarioides","Luga"
"LUGA NEGRA O CRESPA","IV",0,"dry algae",2016,"Sarcothalia crispata","Black algae luga"
"LUGA-ROJA","IV",0,"dry algae",2016,"Gigartina skottsbergii","Red luga"
"PELILLO","IV",341,"dry algae",2016,"Gracilaria spp.","Red algae gracilaria"
"SPIRULINA","IV",0,"dry algae",2016,"Spirulina spp.","Spirulina"
"CHASCA","V",39,"dry algae",2016,"Gelidium rex","Red algae"
"CHASCON O HUIRO NEGRO","V",183,"dry algae",2016,"Lessonia nigrescens","Giant grey kelp"
"CHICOREA DE MAR","V",0,"dry algae",2016,"Chondracanthus chamissoi","Red algae chicorea"
"COCHAYUYO","V",55,"dry algae",2016,"Durvillaea antarctica","New Zealand bull"
"HAEMATOCOCCUS","V",0,"dry algae",2016,"Haematococcus pluvialis","Haematococcus"
"HUIRO","V",36,"dry algae",2016,"Macrocystis spp.","Giant kelp"
"HUIRO PALO","V",111,"dry algae",2016,"Lessonia trabeculata","Giant brown kelp"
"LECHUGUILLA","V",0,"dry algae",2016,"Ulva lactuca","Sea lettuce"
"LIQUEN GOMOSO","V",0,"dry algae",2016,"Gymnogongrus furcellatus","Liquen Gomoso"
"LUGA CUCHARA O CORTA","V",10,"dry algae",2016,"Mazzaella laminarioides","Luga"
"LUGA NEGRA O CRESPA","V",0,"dry algae",2016,"Sarcothalia crispata","Black algae luga"
"LUGA-ROJA","V",0,"dry algae",2016,"Gigartina skottsbergii","Red luga"
"PELILLO","V",0,"dry algae",2016,"Gracilaria spp.","Red algae gracilaria"
"SPIRULINA","V",0,"dry algae",2016,"Spirulina spp.","Spirulina"
"CHASCA","VI",0,"dry algae",2016,"Gelidium rex","Red algae"
"CHASCON O HUIRO NEGRO","VI",0,"dry algae",2016,"Lessonia nigrescens","Giant grey kelp"
"CHICOREA DE MAR","VI",0,"dry algae",2016,"Chondracanthus chamissoi","Red algae chicorea"
"COCHAYUYO","VI",26,"dry algae",2016,"Durvillaea antarctica","New Zealand bull"
"HAEMATOCOCCUS","VI",0,"dry algae",2016,"Haematococcus pluvialis","Haematococcus"
"HUIRO","VI",0,"dry algae",2016,"Macrocystis spp.","Giant kelp"
"HUIRO PALO","VI",0,"dry algae",2016,"Lessonia trabeculata","Giant brown kelp"
"LECHUGUILLA","VI",0,"dry algae",2016,"Ulva lactuca","Sea lettuce"
"LIQUEN GOMOSO","VI",0,"dry algae",2016,"Gymnogongrus furcellatus","Liquen Gomoso"
"LUGA CUCHARA O CORTA","VI",0,"dry algae",2016,"Mazzaella laminarioides","Luga"
"LUGA NEGRA O CRESPA","VI",0,"dry algae",2016,"Sarcothalia crispata","Black algae luga"
"LUGA-ROJA","VI",0,"dry algae",2016,"Gigartina skottsbergii","Red luga"
"PELILLO","VI",0,"dry algae",2016,"Gracilaria spp.","Red algae gracilaria"
"SPIRULINA","VI",0,"dry algae",2016,"Spirulina spp.","Spirulina"
"CHASCA","VII",0,"dry algae",2016,"Gelidium rex","Red algae"
"CHASCON O HUIRO NEGRO","VII",0,"dry algae",2016,"Lessonia nigrescens","Giant grey kelp"
"CHICOREA DE MAR","VII",4,"dry algae",2016,"Chondracanthus chamissoi","Red algae chicorea"
"COCHAYUYO","VII",72,"dry algae",2016,"Durvillaea antarctica","New Zealand bull"
"HAEMATOCOCCUS","VII",0,"dry algae",2016,"Haematococcus pluvialis","Haematococcus"
"HUIRO","VII",14,"dry algae",2016,"Macrocystis spp.","Giant kelp"
"HUIRO PALO","VII",0,"dry algae",2016,"Lessonia trabeculata","Giant brown kelp"
"LECHUGUILLA","VII",0,"dry algae",2016,"Ulva lactuca","Sea lettuce"
"LIQUEN GOMOSO","VII",0,"dry algae",2016,"Gymnogongrus furcellatus","Liquen Gomoso"
"LUGA CUCHARA O CORTA","VII",0,"dry algae",2016,"Mazzaella laminarioides","Luga"
"LUGA NEGRA O CRESPA","VII",0,"dry algae",2016,"Sarcothalia crispata","Black algae luga"
"LUGA-ROJA","VII",85,"dry algae",2016,"Gigartina skottsbergii","Red luga"
"PELILLO","VII",0,"dry algae",2016,"Gracilaria spp.","Red algae gracilaria"
"SPIRULINA","VII",0,"dry algae",2016,"Spirulina spp.","Spirulina"
"CHASCA","VIII",2,"dry algae",2016,"Gelidium rex","Red algae"
"CHASCON O HUIRO NEGRO","VIII",282,"dry algae",2016,"Lessonia nigrescens","Giant grey kelp"
"CHICOREA DE MAR","VIII",130,"dry algae",2016,"Chondracanthus chamissoi","Red algae chicorea"
"COCHAYUYO","VIII",1660,"dry algae",2016,"Durvillaea antarctica","New Zealand bull"
"HAEMATOCOCCUS","VIII",0,"dry algae",2016,"Haematococcus pluvialis","Haematococcus"
"HUIRO","VIII",2,"dry algae",2016,"Macrocystis spp.","Giant kelp"
"HUIRO PALO","VIII",7,"dry algae",2016,"Lessonia trabeculata","Giant brown kelp"
"LECHUGUILLA","VIII",1,"dry algae",2016,"Ulva lactuca","Sea lettuce"
"LIQUEN GOMOSO","VIII",48,"dry algae",2016,"Gymnogongrus furcellatus","Liquen Gomoso"
"LUGA CUCHARA O CORTA","VIII",342,"dry algae",2016,"Mazzaella laminarioides","Luga"
"LUGA NEGRA O CRESPA","VIII",3858,"dry algae",2016,"Sarcothalia crispata","Black algae luga"
"LUGA-ROJA","VIII",1151,"dry algae",2016,"Gigartina skottsbergii","Red luga"
"PELILLO","VIII",788,"dry algae",2016,"Gracilaria spp.","Red algae gracilaria"
"SPIRULINA","VIII",0,"dry algae",2016,"Spirulina spp.","Spirulina"
"CHASCA","IX",0,"dry algae",2016,"Gelidium rex","Red algae"
"CHASCON O HUIRO NEGRO","IX",0,"dry algae",2016,"Lessonia nigrescens","Giant grey kelp"
"CHICOREA DE MAR","IX",0,"dry algae",2016,"Chondracanthus chamissoi","Red algae chicorea"
"COCHAYUYO","IX",0,"dry algae",2016,"Durvillaea antarctica","New Zealand bull"
"HAEMATOCOCCUS","IX",0,"dry algae",2016,"Haematococcus pluvialis","Haematococcus"
"HUIRO","IX",0,"dry algae",2016,"Macrocystis spp.","Giant kelp"
"HUIRO PALO","IX",0,"dry algae",2016,"Lessonia trabeculata","Giant brown kelp"
"LECHUGUILLA","IX",0,"dry algae",2016,"Ulva lactuca","Sea lettuce"
"LIQUEN GOMOSO","IX",0,"dry algae",2016,"Gymnogongrus furcellatus","Liquen Gomoso"
"LUGA CUCHARA O CORTA","IX",0,"dry algae",2016,"Mazzaella laminarioides","Luga"
"LUGA NEGRA O CRESPA","IX",0,"dry algae",2016,"Sarcothalia crispata","Black algae luga"
"LUGA-ROJA","IX",0,"dry algae",2016,"Gigartina skottsbergii","Red luga"
"PELILLO","IX",0,"dry algae",2016,"Gracilaria spp.","Red algae gracilaria"
"SPIRULINA","IX",0,"dry algae",2016,"Spirulina spp.","Spirulina"
"CHASCA","X",0,"dry algae",2016,"Gelidium rex","Red algae"
"CHASCON O HUIRO NEGRO","X",0,"dry algae",2016,"Lessonia nigrescens","Giant grey kelp"
"CHICOREA DE MAR","X",3,"dry algae",2016,"Chondracanthus chamissoi","Red algae chicorea"
"COCHAYUYO","X",0,"dry algae",2016,"Durvillaea antarctica","New Zealand bull"
"HAEMATOCOCCUS","X",0,"dry algae",2016,"Haematococcus pluvialis","Haematococcus"
"HUIRO","X",0,"dry algae",2016,"Macrocystis spp.","Giant kelp"
"HUIRO PALO","X",0,"dry algae",2016,"Lessonia trabeculata","Giant brown kelp"
"LECHUGUILLA","X",0,"dry algae",2016,"Ulva lactuca","Sea lettuce"
"LIQUEN GOMOSO","X",0,"dry algae",2016,"Gymnogongrus furcellatus","Liquen Gomoso"
"LUGA CUCHARA O CORTA","X",0,"dry algae",2016,"Mazzaella laminarioides","Luga"
"LUGA NEGRA O CRESPA","X",0,"dry algae",2016,"Sarcothalia crispata","Black algae luga"
"LUGA-ROJA","X",542,"dry algae",2016,"Gigartina skottsbergii","Red luga"
"PELILLO","X",0,"dry algae",2016,"Gracilaria spp.","Red algae gracilaria"
"SPIRULINA","X",0,"dry algae",2016,"Spirulina spp.","Spirulina"
"CHASCA","XI",0,"dry algae",2016,"Gelidium rex","Red algae"
"CHASCON O HUIRO NEGRO","XI",0,"dry algae",2016,"Lessonia nigrescens","Giant grey kelp"
"CHICOREA DE MAR","XI",0,"dry algae",2016,"Chondracanthus chamissoi","Red algae chicorea"
"COCHAYUYO","XI",0,"dry algae",2016,"Durvillaea antarctica","New Zealand bull"
"HAEMATOCOCCUS","XI",0,"dry algae",2016,"Haematococcus pluvialis","Haematococcus"
"HUIRO","XI",0,"dry algae",2016,"Macrocystis spp.","Giant kelp"
"HUIRO PALO","XI",0,"dry algae",2016,"Lessonia trabeculata","Giant brown kelp"
"LECHUGUILLA","XI",0,"dry algae",2016,"Ulva lactuca","Sea lettuce"
"LIQUEN GOMOSO","XI",0,"dry algae",2016,"Gymnogongrus furcellatus","Liquen Gomoso"
"LUGA CUCHARA O CORTA","XI",0,"dry algae",2016,"Mazzaella laminarioides","Luga"
"LUGA NEGRA O CRESPA","XI",0,"dry algae",2016,"Sarcothalia crispata","Black algae luga"
"LUGA-ROJA","XI",0,"dry algae",2016,"Gigartina skottsbergii","Red luga"
"PELILLO","XI",0,"dry algae",2016,"Gracilaria spp.","Red algae gracilaria"
"SPIRULINA","XI",0,"dry algae",2016,"Spirulina spp.","Spirulina"
"CHASCA","XII",0,"dry algae",2016,"Gelidium rex","Red algae"
"CHASCON O HUIRO NEGRO","XII",0,"dry algae",2016,"Lessonia nigrescens","Giant grey kelp"
"CHICOREA DE MAR","XII",0,"dry algae",2016,"Chondracanthus chamissoi","Red algae chicorea"
"COCHAYUYO","XII",0,"dry algae",2016,"Durvillaea antarctica","New Zealand bull"
"HAEMATOCOCCUS","XII",0,"dry algae",2016,"Haematococcus pluvialis","Haematococcus"
"HUIRO","XII",0,"dry algae",2016,"Macrocystis spp.","Giant kelp"
"HUIRO PALO","XII",0,"dry algae",2016,"Lessonia trabeculata","Giant brown kelp"
"LECHUGUILLA","XII",0,"dry algae",2016,"Ulva lactuca","Sea lettuce"
"LIQUEN GOMOSO","XII",0,"dry algae",2016,"Gymnogongrus furcellatus","Liquen Gomoso"
"LUGA CUCHARA O CORTA","XII",0,"dry algae",2016,"Mazzaella laminarioides","Luga"
"LUGA NEGRA O CRESPA","XII",0,"dry algae",2016,"Sarcothalia crispata","Black algae luga"
"LUGA-ROJA","XII",713,"dry algae",2016,"Gigartina skottsbergii","Red luga"
"PELILLO","XII",0,"dry algae",2016,"Gracilaria spp.","Red algae gracilaria"
"SPIRULINA","XII",0,"dry algae",2016,"Spirulina spp.","Spirulina"
"CHASCA","R.M.",10,"dry algae",2016,"Gelidium rex","Red algae"
"CHASCON O HUIRO NEGRO","R.M.",530,"dry algae",2016,"Lessonia nigrescens","Giant grey kelp"
"CHICOREA DE MAR","R.M.",0,"dry algae",2016,"Chondracanthus chamissoi","Red algae chicorea"
"COCHAYUYO","R.M.",0,"dry algae",2016,"Durvillaea antarctica","New Zealand bull"
"HAEMATOCOCCUS","R.M.",0,"dry algae",2016,"Haematococcus pluvialis","Haematococcus"
"HUIRO","R.M.",12,"dry algae",2016,"Macrocystis spp.","Giant kelp"
"HUIRO PALO","R.M.",1130,"dry algae",2016,"Lessonia trabeculata","Giant brown kelp"
"LECHUGUILLA","R.M.",0,"dry algae",2016,"Ulva lactuca","Sea lettuce"
"LIQUEN GOMOSO","R.M.",0,"dry algae",2016,"Gymnogongrus furcellatus","Liquen Gomoso"
"LUGA CUCHARA O CORTA","R.M.",63,"dry algae",2016,"Mazzaella laminarioides","Luga"
"LUGA NEGRA O CRESPA","R.M.",1462,"dry algae",2016,"Sarcothalia crispata","Black algae luga"
"LUGA-ROJA","R.M.",539,"dry algae",2016,"Gigartina skottsbergii","Red luga"
"PELILLO","R.M.",44,"dry algae",2016,"Gracilaria spp.","Red algae gracilaria"
"SPIRULINA","R.M.",0,"dry algae",2016,"Spirulina spp.","Spirulina"
"CHASCA","Total",54,"dry algae",2016,"Gelidium rex","Red algae"
"CHASCON O HUIRO NEGRO","Total",33927,"dry algae",2016,"Lessonia nigrescens","Giant grey kelp"
"CHICOREA DE MAR","Total",162,"dry algae",2016,"Chondracanthus chamissoi","Red algae chicorea"
"COCHAYUYO","Total",2274,"dry algae",2016,"Durvillaea antarctica","New Zealand bull"
"HAEMATOCOCCUS","Total",10,"dry algae",2016,"Haematococcus pluvialis","Haematococcus"
"HUIRO","Total",3312,"dry algae",2016,"Macrocystis spp.","Giant kelp"
"HUIRO PALO","Total",9768,"dry algae",2016,"Lessonia trabeculata","Giant brown kelp"
"LECHUGUILLA","Total",1,"dry algae",2016,"Ulva lactuca","Sea lettuce"
"LIQUEN GOMOSO","Total",48,"dry algae",2016,"Gymnogongrus furcellatus","Liquen Gomoso"
"LUGA CUCHARA O CORTA","Total",415,"dry algae",2016,"Mazzaella laminarioides","Luga"
"LUGA NEGRA O CRESPA","Total",5320,"dry algae",2016,"Sarcothalia crispata","Black algae luga"
"LUGA-ROJA","Total",3030,"dry algae",2016,"Gigartina skottsbergii","Red luga"
"PELILLO","Total",1233,"dry algae",2016,"Gracilaria spp.","Red algae gracilaria"
"SPIRULINA","Total",3,"dry algae",2016,"Spirulina spp.","Spirulina"
"CAROLA","XV",0,"dry algae",2017,"Callophyllis variegata","Carola"
"CHASCA","XV",0,"dry algae",2017,"Gelidium rex","Red algae"
"CHASCON O HUIRO NEGRO","XV",11,"dry algae",2017,"Lessonia nigrescens","Giant grey kelp"
"CHICOREA DE MAR","XV",0,"dry algae",2017,"Chondracanthus chamissoi","Red algae chicorea"
"COCHAYUYO","XV",0,"dry algae",2017,"Durvillaea antarctica","New Zealand bull"
"HAEMATOCOCCUS","XV",0,"dry algae",2017,"Haematococcus pluvialis","Haematococcus"
"HUIRO","XV",0,"dry algae",2017,"Macrocystis spp.","Giant kelp"
"HUIRO PALO","XV",8,"dry algae",2017,"Lessonia trabeculata","Giant brown kelp"
"LIQUEN GOMOSO","XV",0,"dry algae",2017,"Gymnogongrus furcellatus","Liquen Gomoso"
"LUCHE","XV",0,"dry algae",2017,"Porphyra columbina","Luche"
"LUGA CUCHARA O CORTA","XV",0,"dry algae",2017,"Mazzaella laminarioides","Luga"
"LUGA NEGRA O CRESPA","XV",0,"dry algae",2017,"Sarcothalia crispata","Black algae luga"
"LUGA-ROJA","XV",0,"dry algae",2017,"Gigartina skottsbergii","Red luga"
"PELILLO","XV",0,"dry algae",2017,"Gracilaria spp.","Red algae gracilaria"
"SPIRULINA","XV",0,"dry algae",2017,"Spirulina spp.","Spirulina"
"CAROLA","I",0,"dry algae",2017,"Callophyllis variegata","Carola"
"CHASCA","I",0,"dry algae",2017,"Gelidium rex","Red algae"
"CHASCON O HUIRO NEGRO","I",5086,"dry algae",2017,"Lessonia nigrescens","Giant grey kelp"
"CHICOREA DE MAR","I",0,"dry algae",2017,"Chondracanthus chamissoi","Red algae chicorea"
"COCHAYUYO","I",0,"dry algae",2017,"Durvillaea antarctica","New Zealand bull"
"HAEMATOCOCCUS","I",7,"dry algae",2017,"Haematococcus pluvialis","Haematococcus"
"HUIRO","I",524,"dry algae",2017,"Macrocystis spp.","Giant kelp"
"HUIRO PALO","I",575,"dry algae",2017,"Lessonia trabeculata","Giant brown kelp"
"LIQUEN GOMOSO","I",0,"dry algae",2017,"Gymnogongrus furcellatus","Liquen Gomoso"
"LUCHE","I",0,"dry algae",2017,"Porphyra columbina","Luche"
"LUGA CUCHARA O CORTA","I",0,"dry algae",2017,"Mazzaella laminarioides","Luga"
"LUGA NEGRA O CRESPA","I",0,"dry algae",2017,"Sarcothalia crispata","Black algae luga"
"LUGA-ROJA","I",0,"dry algae",2017,"Gigartina skottsbergii","Red luga"
"PELILLO","I",0,"dry algae",2017,"Gracilaria spp.","Red algae gracilaria"
"SPIRULINA","I",37,"dry algae",2017,"Spirulina spp.","Spirulina"
"CAROLA","II",0,"dry algae",2017,"Callophyllis variegata","Carola"
"CHASCA","II",0,"dry algae",2017,"Gelidium rex","Red algae"
"CHASCON O HUIRO NEGRO","II",9969,"dry algae",2017,"Lessonia nigrescens","Giant grey kelp"
"CHICOREA DE MAR","II",0,"dry algae",2017,"Chondracanthus chamissoi","Red algae chicorea"
"COCHAYUYO","II",4,"dry algae",2017,"Durvillaea antarctica","New Zealand bull"
"HAEMATOCOCCUS","II",0,"dry algae",2017,"Haematococcus pluvialis","Haematococcus"
"HUIRO","II",608,"dry algae",2017,"Macrocystis spp.","Giant kelp"
"HUIRO PALO","II",1463,"dry algae",2017,"Lessonia trabeculata","Giant brown kelp"
"LIQUEN GOMOSO","II",0,"dry algae",2017,"Gymnogongrus furcellatus","Liquen Gomoso"
"LUCHE","II",0,"dry algae",2017,"Porphyra columbina","Luche"
"LUGA CUCHARA O CORTA","II",0,"dry algae",2017,"Mazzaella laminarioides","Luga"
"LUGA NEGRA O CRESPA","II",0,"dry algae",2017,"Sarcothalia crispata","Black algae luga"
"LUGA-ROJA","II",0,"dry algae",2017,"Gigartina skottsbergii","Red luga"
"PELILLO","II",58,"dry algae",2017,"Gracilaria spp.","Red algae gracilaria"
"SPIRULINA","II",0,"dry algae",2017,"Spirulina spp.","Spirulina"
"CAROLA","III",0,"dry algae",2017,"Callophyllis variegata","Carola"
"CHASCA","III",0,"dry algae",2017,"Gelidium rex","Red algae"
"CHASCON O HUIRO NEGRO","III",19618,"dry algae",2017,"Lessonia nigrescens","Giant grey kelp"
"CHICOREA DE MAR","III",0,"dry algae",2017,"Chondracanthus chamissoi","Red algae chicorea"
"COCHAYUYO","III",26,"dry algae",2017,"Durvillaea antarctica","New Zealand bull"
"HAEMATOCOCCUS","III",0,"dry algae",2017,"Haematococcus pluvialis","Haematococcus"
"HUIRO","III",552,"dry algae",2017,"Macrocystis spp.","Giant kelp"
"HUIRO PALO","III",3702,"dry algae",2017,"Lessonia trabeculata","Giant brown kelp"
"LIQUEN GOMOSO","III",0,"dry algae",2017,"Gymnogongrus furcellatus","Liquen Gomoso"
"LUCHE","III",0,"dry algae",2017,"Porphyra columbina","Luche"
"LUGA CUCHARA O CORTA","III",0,"dry algae",2017,"Mazzaella laminarioides","Luga"
"LUGA NEGRA O CRESPA","III",0,"dry algae",2017,"Sarcothalia crispata","Black algae luga"
"LUGA-ROJA","III",0,"dry algae",2017,"Gigartina skottsbergii","Red luga"
"PELILLO","III",0,"dry algae",2017,"Gracilaria spp.","Red algae gracilaria"
"SPIRULINA","III",0,"dry algae",2017,"Spirulina spp.","Spirulina"
"CAROLA","IV",0,"dry algae",2017,"Callophyllis variegata","Carola"
"CHASCA","IV",2,"dry algae",2017,"Gelidium rex","Red algae"
"CHASCON O HUIRO NEGRO","IV",6333,"dry algae",2017,"Lessonia nigrescens","Giant grey kelp"
"CHICOREA DE MAR","IV",5,"dry algae",2017,"Chondracanthus chamissoi","Red algae chicorea"
"COCHAYUYO","IV",279,"dry algae",2017,"Durvillaea antarctica","New Zealand bull"
"HAEMATOCOCCUS","IV",0,"dry algae",2017,"Haematococcus pluvialis","Haematococcus"
"HUIRO","IV",2216,"dry algae",2017,"Macrocystis spp.","Giant kelp"
"HUIRO PALO","IV",6702,"dry algae",2017,"Lessonia trabeculata","Giant brown kelp"
"LIQUEN GOMOSO","IV",0,"dry algae",2017,"Gymnogongrus furcellatus","Liquen Gomoso"
"LUCHE","IV",0,"dry algae",2017,"Porphyra columbina","Luche"
"LUGA CUCHARA O CORTA","IV",0,"dry algae",2017,"Mazzaella laminarioides","Luga"
"LUGA NEGRA O CRESPA","IV",0,"dry algae",2017,"Sarcothalia crispata","Black algae luga"
"LUGA-ROJA","IV",0,"dry algae",2017,"Gigartina skottsbergii","Red luga"
"PELILLO","IV",600,"dry algae",2017,"Gracilaria spp.","Red algae gracilaria"
"SPIRULINA","IV",0,"dry algae",2017,"Spirulina spp.","Spirulina"
"CAROLA","V",0,"dry algae",2017,"Callophyllis variegata","Carola"
"CHASCA","V",25,"dry algae",2017,"Gelidium rex","Red algae"
"CHASCON O HUIRO NEGRO","V",607,"dry algae",2017,"Lessonia nigrescens","Giant grey kelp"
"CHICOREA DE MAR","V",0,"dry algae",2017,"Chondracanthus chamissoi","Red algae chicorea"
"COCHAYUYO","V",65,"dry algae",2017,"Durvillaea antarctica","New Zealand bull"
"HAEMATOCOCCUS","V",0,"dry algae",2017,"Haematococcus pluvialis","Haematococcus"
"HUIRO","V",21,"dry algae",2017,"Macrocystis spp.","Giant kelp"
"HUIRO PALO","V",108,"dry algae",2017,"Lessonia trabeculata","Giant brown kelp"
"LIQUEN GOMOSO","V",0,"dry algae",2017,"Gymnogongrus furcellatus","Liquen Gomoso"
"LUCHE","V",0,"dry algae",2017,"Porphyra columbina","Luche"
"LUGA CUCHARA O CORTA","V",18,"dry algae",2017,"Mazzaella laminarioides","Luga"
"LUGA NEGRA O CRESPA","V",0,"dry algae",2017,"Sarcothalia crispata","Black algae luga"
"LUGA-ROJA","V",0,"dry algae",2017,"Gigartina skottsbergii","Red luga"
"PELILLO","V",0,"dry algae",2017,"Gracilaria spp.","Red algae gracilaria"
"SPIRULINA","V",0,"dry algae",2017,"Spirulina spp.","Spirulina"
"CAROLA","VI",0,"dry algae",2017,"Callophyllis variegata","Carola"
"CHASCA","VI",0,"dry algae",2017,"Gelidium rex","Red algae"
"CHASCON O HUIRO NEGRO","VI",0,"dry algae",2017,"Lessonia nigrescens","Giant grey kelp"
"CHICOREA DE MAR","VI",0,"dry algae",2017,"Chondracanthus chamissoi","Red algae chicorea"
"COCHAYUYO","VI",105,"dry algae",2017,"Durvillaea antarctica","New Zealand bull"
"HAEMATOCOCCUS","VI",0,"dry algae",2017,"Haematococcus pluvialis","Haematococcus"
"HUIRO","VI",1,"dry algae",2017,"Macrocystis spp.","Giant kelp"
"HUIRO PALO","VI",0,"dry algae",2017,"Lessonia trabeculata","Giant brown kelp"
"LIQUEN GOMOSO","VI",0,"dry algae",2017,"Gymnogongrus furcellatus","Liquen Gomoso"
"LUCHE","VI",0,"dry algae",2017,"Porphyra columbina","Luche"
"LUGA CUCHARA O CORTA","VI",0,"dry algae",2017,"Mazzaella laminarioides","Luga"
"LUGA NEGRA O CRESPA","VI",0,"dry algae",2017,"Sarcothalia crispata","Black algae luga"
"LUGA-ROJA","VI",0,"dry algae",2017,"Gigartina skottsbergii","Red luga"
"PELILLO","VI",0,"dry algae",2017,"Gracilaria spp.","Red algae gracilaria"
"SPIRULINA","VI",0,"dry algae",2017,"Spirulina spp.","Spirulina"
"CAROLA","VII",0,"dry algae",2017,"Callophyllis variegata","Carola"
"CHASCA","VII",0,"dry algae",2017,"Gelidium rex","Red algae"
"CHASCON O HUIRO NEGRO","VII",39,"dry algae",2017,"Lessonia nigrescens","Giant grey kelp"
"CHICOREA DE MAR","VII",2,"dry algae",2017,"Chondracanthus chamissoi","Red algae chicorea"
"COCHAYUYO","VII",8,"dry algae",2017,"Durvillaea antarctica","New Zealand bull"
"HAEMATOCOCCUS","VII",0,"dry algae",2017,"Haematococcus pluvialis","Haematococcus"
"HUIRO","VII",0,"dry algae",2017,"Macrocystis spp.","Giant kelp"
"HUIRO PALO","VII",0,"dry algae",2017,"Lessonia trabeculata","Giant brown kelp"
"LIQUEN GOMOSO","VII",0,"dry algae",2017,"Gymnogongrus furcellatus","Liquen Gomoso"
"LUCHE","VII",0,"dry algae",2017,"Porphyra columbina","Luche"
"LUGA CUCHARA O CORTA","VII",0,"dry algae",2017,"Mazzaella laminarioides","Luga"
"LUGA NEGRA O CRESPA","VII",419,"dry algae",2017,"Sarcothalia crispata","Black algae luga"
"LUGA-ROJA","VII",331,"dry algae",2017,"Gigartina skottsbergii","Red luga"
"PELILLO","VII",17,"dry algae",2017,"Gracilaria spp.","Red algae gracilaria"
"SPIRULINA","VII",0,"dry algae",2017,"Spirulina spp.","Spirulina"
"CAROLA","VIII",1,"dry algae",2017,"Callophyllis variegata","Carola"
"CHASCA","VIII",20,"dry algae",2017,"Gelidium rex","Red algae"
"CHASCON O HUIRO NEGRO","VIII",422,"dry algae",2017,"Lessonia nigrescens","Giant grey kelp"
"CHICOREA DE MAR","VIII",142,"dry algae",2017,"Chondracanthus chamissoi","Red algae chicorea"
"COCHAYUYO","VIII",2028,"dry algae",2017,"Durvillaea antarctica","New Zealand bull"
"HAEMATOCOCCUS","VIII",0,"dry algae",2017,"Haematococcus pluvialis","Haematococcus"
"HUIRO","VIII",185,"dry algae",2017,"Macrocystis spp.","Giant kelp"
"HUIRO PALO","VIII",20,"dry algae",2017,"Lessonia trabeculata","Giant brown kelp"
"LIQUEN GOMOSO","VIII",78,"dry algae",2017,"Gymnogongrus furcellatus","Liquen Gomoso"
"LUCHE","VIII",0,"dry algae",2017,"Porphyra columbina","Luche"
"LUGA CUCHARA O CORTA","VIII",165,"dry algae",2017,"Mazzaella laminarioides","Luga"
"LUGA NEGRA O CRESPA","VIII",2584,"dry algae",2017,"Sarcothalia crispata","Black algae luga"
"LUGA-ROJA","VIII",1400,"dry algae",2017,"Gigartina skottsbergii","Red luga"
"PELILLO","VIII",950,"dry algae",2017,"Gracilaria spp.","Red algae gracilaria"
"SPIRULINA","VIII",0,"dry algae",2017,"Spirulina spp.","Spirulina"
"CAROLA","IX",0,"dry algae",2017,"Callophyllis variegata","Carola"
"CHASCA","IX",0,"dry algae",2017,"Gelidium rex","Red algae"
"CHASCON O HUIRO NEGRO","IX",0,"dry algae",2017,"Lessonia nigrescens","Giant grey kelp"
"CHICOREA DE MAR","IX",0,"dry algae",2017,"Chondracanthus chamissoi","Red algae chicorea"
"COCHAYUYO","IX",0,"dry algae",2017,"Durvillaea antarctica","New Zealand bull"
"HAEMATOCOCCUS","IX",0,"dry algae",2017,"Haematococcus pluvialis","Haematococcus"
"HUIRO","IX",0,"dry algae",2017,"Macrocystis spp.","Giant kelp"
"HUIRO PALO","IX",0,"dry algae",2017,"Lessonia trabeculata","Giant brown kelp"
"LIQUEN GOMOSO","IX",0,"dry algae",2017,"Gymnogongrus furcellatus","Liquen Gomoso"
"LUCHE","IX",0,"dry algae",2017,"Porphyra columbina","Luche"
"LUGA CUCHARA O CORTA","IX",0,"dry algae",2017,"Mazzaella laminarioides","Luga"
"LUGA NEGRA O CRESPA","IX",0,"dry algae",2017,"Sarcothalia crispata","Black algae luga"
"LUGA-ROJA","IX",0,"dry algae",2017,"Gigartina skottsbergii","Red luga"
"PELILLO","IX",0,"dry algae",2017,"Gracilaria spp.","Red algae gracilaria"
"SPIRULINA","IX",0,"dry algae",2017,"Spirulina spp.","Spirulina"
"CAROLA","XIV",0,"dry algae",2017,"Callophyllis variegata","Carola"
"CHASCA","XIV",0,"dry algae",2017,"Gelidium rex","Red algae"
"CHASCON O HUIRO NEGRO","XIV",0,"dry algae",2017,"Lessonia nigrescens","Giant grey kelp"
"CHICOREA DE MAR","XIV",0,"dry algae",2017,"Chondracanthus chamissoi","Red algae chicorea"
"COCHAYUYO","XIV",0,"dry algae",2017,"Durvillaea antarctica","New Zealand bull"
"HAEMATOCOCCUS","XIV",0,"dry algae",2017,"Haematococcus pluvialis","Haematococcus"
"HUIRO","XIV",0,"dry algae",2017,"Macrocystis spp.","Giant kelp"
"HUIRO PALO","XIV",0,"dry algae",2017,"Lessonia trabeculata","Giant brown kelp"
"LIQUEN GOMOSO","XIV",0,"dry algae",2017,"Gymnogongrus furcellatus","Liquen Gomoso"
"LUCHE","XIV",0,"dry algae",2017,"Porphyra columbina","Luche"
"LUGA CUCHARA O CORTA","XIV",0,"dry algae",2017,"Mazzaella laminarioides","Luga"
"LUGA NEGRA O CRESPA","XIV",0,"dry algae",2017,"Sarcothalia crispata","Black algae luga"
"LUGA-ROJA","XIV",0,"dry algae",2017,"Gigartina skottsbergii","Red luga"
"PELILLO","XIV",0,"dry algae",2017,"Gracilaria spp.","Red algae gracilaria"
"SPIRULINA","XIV",0,"dry algae",2017,"Spirulina spp.","Spirulina"
"CAROLA","X",0,"dry algae",2017,"Callophyllis variegata","Carola"
"CHASCA","X",0,"dry algae",2017,"Gelidium rex","Red algae"
"CHASCON O HUIRO NEGRO","X",0,"dry algae",2017,"Lessonia nigrescens","Giant grey kelp"
"CHICOREA DE MAR","X",4,"dry algae",2017,"Chondracanthus chamissoi","Red algae chicorea"
"COCHAYUYO","X",1,"dry algae",2017,"Durvillaea antarctica","New Zealand bull"
"HAEMATOCOCCUS","X",0,"dry algae",2017,"Haematococcus pluvialis","Haematococcus"
"HUIRO","X",0,"dry algae",2017,"Macrocystis spp.","Giant kelp"
"HUIRO PALO","X",0,"dry algae",2017,"Lessonia trabeculata","Giant brown kelp"
"LIQUEN GOMOSO","X",0,"dry algae",2017,"Gymnogongrus furcellatus","Liquen Gomoso"
"LUCHE","X",0,"dry algae",2017,"Porphyra columbina","Luche"
"LUGA CUCHARA O CORTA","X",0,"dry algae",2017,"Mazzaella laminarioides","Luga"
"LUGA NEGRA O CRESPA","X",0,"dry algae",2017,"Sarcothalia crispata","Black algae luga"
"LUGA-ROJA","X",226,"dry algae",2017,"Gigartina skottsbergii","Red luga"
"PELILLO","X",139,"dry algae",2017,"Gracilaria spp.","Red algae gracilaria"
"SPIRULINA","X",0,"dry algae",2017,"Spirulina spp.","Spirulina"
"CAROLA","XI",0,"dry algae",2017,"Callophyllis variegata","Carola"
"CHASCA","XI",0,"dry algae",2017,"Gelidium rex","Red algae"
"CHASCON O HUIRO NEGRO","XI",0,"dry algae",2017,"Lessonia nigrescens","Giant grey kelp"
"CHICOREA DE MAR","XI",0,"dry algae",2017,"Chondracanthus chamissoi","Red algae chicorea"
"COCHAYUYO","XI",0,"dry algae",2017,"Durvillaea antarctica","New Zealand bull"
"HAEMATOCOCCUS","XI",0,"dry algae",2017,"Haematococcus pluvialis","Haematococcus"
"HUIRO","XI",0,"dry algae",2017,"Macrocystis spp.","Giant kelp"
"HUIRO PALO","XI",0,"dry algae",2017,"Lessonia trabeculata","Giant brown kelp"
"LIQUEN GOMOSO","XI",0,"dry algae",2017,"Gymnogongrus furcellatus","Liquen Gomoso"
"LUCHE","XI",0,"dry algae",2017,"Porphyra columbina","Luche"
"LUGA CUCHARA O CORTA","XI",0,"dry algae",2017,"Mazzaella laminarioides","Luga"
"LUGA NEGRA O CRESPA","XI",0,"dry algae",2017,"Sarcothalia crispata","Black algae luga"
"LUGA-ROJA","XI",102,"dry algae",2017,"Gigartina skottsbergii","Red luga"
"PELILLO","XI",0,"dry algae",2017,"Gracilaria spp.","Red algae gracilaria"
"SPIRULINA","XI",0,"dry algae",2017,"Spirulina spp.","Spirulina"
"CAROLA","XII",0,"dry algae",2017,"Callophyllis variegata","Carola"
"CHASCA","XII",0,"dry algae",2017,"Gelidium rex","Red algae"
"CHASCON O HUIRO NEGRO","XII",0,"dry algae",2017,"Lessonia nigrescens","Giant grey kelp"
"CHICOREA DE MAR","XII",0,"dry algae",2017,"Chondracanthus chamissoi","Red algae chicorea"
"COCHAYUYO","XII",0,"dry algae",2017,"Durvillaea antarctica","New Zealand bull"
"HAEMATOCOCCUS","XII",0,"dry algae",2017,"Haematococcus pluvialis","Haematococcus"
"HUIRO","XII",0,"dry algae",2017,"Macrocystis spp.","Giant kelp"
"HUIRO PALO","XII",0,"dry algae",2017,"Lessonia trabeculata","Giant brown kelp"
"LIQUEN GOMOSO","XII",0,"dry algae",2017,"Gymnogongrus furcellatus","Liquen Gomoso"
"LUCHE","XII",0,"dry algae",2017,"Porphyra columbina","Luche"
"LUGA CUCHARA O CORTA","XII",0,"dry algae",2017,"Mazzaella laminarioides","Luga"
"LUGA NEGRA O CRESPA","XII",0,"dry algae",2017,"Sarcothalia crispata","Black algae luga"
"LUGA-ROJA","XII",932,"dry algae",2017,"Gigartina skottsbergii","Red luga"
"PELILLO","XII",0,"dry algae",2017,"Gracilaria spp.","Red algae gracilaria"
"SPIRULINA","XII",0,"dry algae",2017,"Spirulina spp.","Spirulina"
"CAROLA","R.M.",0,"dry algae",2017,"Callophyllis variegata","Carola"
"CHASCA","R.M.",9,"dry algae",2017,"Gelidium rex","Red algae"
"CHASCON O HUIRO NEGRO","R.M.",693,"dry algae",2017,"Lessonia nigrescens","Giant grey kelp"
"CHICOREA DE MAR","R.M.",0,"dry algae",2017,"Chondracanthus chamissoi","Red algae chicorea"
"COCHAYUYO","R.M.",37,"dry algae",2017,"Durvillaea antarctica","New Zealand bull"
"HAEMATOCOCCUS","R.M.",0,"dry algae",2017,"Haematococcus pluvialis","Haematococcus"
"HUIRO","R.M.",0,"dry algae",2017,"Macrocystis spp.","Giant kelp"
"HUIRO PALO","R.M.",1747,"dry algae",2017,"Lessonia trabeculata","Giant brown kelp"
"LIQUEN GOMOSO","R.M.",0,"dry algae",2017,"Gymnogongrus furcellatus","Liquen Gomoso"
"LUCHE","R.M.",0,"dry algae",2017,"Porphyra columbina","Luche"
"LUGA CUCHARA O CORTA","R.M.",0,"dry algae",2017,"Mazzaella laminarioides","Luga"
"LUGA NEGRA O CRESPA","R.M.",654,"dry algae",2017,"Sarcothalia crispata","Black algae luga"
"LUGA-ROJA","R.M.",471,"dry algae",2017,"Gigartina skottsbergii","Red luga"
"PELILLO","R.M.",61,"dry algae",2017,"Gracilaria spp.","Red algae gracilaria"
"SPIRULINA","R.M.",0,"dry algae",2017,"Spirulina spp.","Spirulina"
